wyId,shortName,firstName,middleName,lastName,birthDate,currentTeamId,born,passport
275580,Cesar Domingo,César Domingo,,Mendiondo López,,0,76,76
14710,J. Heynckes,Josef,,Heynckes,1945-05-09,0,276,276
135480,G. De Biasi,Giovanni,,De Biasi,1956-06-16,0,380,380
210074,Marcelino,Marcelino,,García Toral,1965-08-14,674,724,724
293398,T. Korkut,Tayfun,,Korkut,1974-04-02,0,276,792
92894,Ernesto Valverde,Ernesto,,Valverde Tejedor,1964-02-09,676,724,724
3880,Unzué,Juan Carlos,,Unzué Labiano,1967-04-22,0,724,724
17121,D. Schuster,Dirk,,Schuster,1967-12-29,0,276,276
20454,A. Conte,Antonio,,Conte,1969-07-31,0,380,380
86604,R. Gareca,Ricardo Alberto,,Gareca Nardi,1958-02-10,0,32,32
259751,M. Gisdol,Markus ,,Gisdol,1969-08-17,0,276,276
142913,G. Rohr,Gernot,,Rohr,1953-06-28,0,276,276
15114,D. Hecking,Dieter,,Hecking,1964-09-12,2454,276,276
21061,V. Montella,Vincenzo,,Montella,1974-06-18,3176,380,380
20603,G. Iachini,Giuseppe,,Iachini,1964-05-07,0,380,380
14735,B. Labbadia,Bruno,,Labbadia,1966-02-08,2451,276,276
210205,L. Lagerbäck,Lars,,Lagerbäck,1948-07-16,0,752,752
225952,Fran Escribá,Francisco ,,Escriba Segura,1965-05-03,692,724,724
26812,C. Pélissier,Christophe,,Pélissier,1965-10-05,3789,250,250
251025,S. Inzaghi,Simone,,Inzaghi,1976-04-05,3162,380,380
25691,R. Garcia,Rudi,,Garcia,1964-02-20,3771,250,250
210152,L. Delneri,Luigi,,Delneri,1950-08-23,0,380,380
20386,M. Allegri,Massimiliano,,Allegri,1967-08-11,3159,380,380
18702,M. Schmidt,Martin,,Schmidt,1967-04-12,2481,756,756
295160,Pako Ayestarán,Francisco Martín,,Ayestarán Barandiarán,1963-02-05,0,724,724
230918,Abelardo,Abelardo,,Fernández Antuña,1970-04-19,696,724,724
116503,D. Alonso,Diego Martín,,Alonso López,1975-04-16,15444,858,858
18987,P. Dárdai,Pál,,Dárdai,1976-03-16,2457,348,348
210700,Rafael Benítez,Rafael,,Benítez Maudes,1960-04-16,1613,724,724
18572,D. Wagner,David,,Wagner,1971-10-19,0,276,840
69952,A. Čačić,Ante,,Čačić,1953-09-29,0,191,191
86569,Pizzi,Juan Antonio,,Pizzi Torroja,1968-06-07,0,32,724
355598,Imanol Alguacil,Imanol,,Alguacil Barrenetxea,1971-07-04,723,724,724
210513,P. Garande,Patrice,,Garande,1960-11-27,0,250,250
23551,M. Rastelli,Massimo,,Rastelli,1968-12-27,3235,380,380
32573,Carlos Carvalhal,Carlos Augusto,,Soares da Costa Faria Carvalhal,1965-12-04,0,620,620
210902,B. Storck,Bernd,,Storck,1963-01-25,5187,276,276
15824,R. Hasenhüttl,Ralph,,Hasenhüttl,1967-08-09,1619,40,40
4258,Paco Jémez,Francisco,,Jémez Martín,1970-04-18,0,724,724
9454,G. Megson,Gary,,Megson,1959-05-02,0,826,826
167037,Pepe Mel,José ,,Mel Pérez,1963-02-28,714,724,724
210121,M. Giampaolo,Marco,,Giampaolo,1967-08-02,3164,756,380
228386,C. Titz,Christian,,Titz,1971-04-01,0,276,276
112633,J. Osorio,Juan Carlos,,Osorio Arbeláez,1961-06-08,0,170,170
246913,M. Baroni,Marco,,Baroni,1963-09-11,3254,380,380
169425,Quique Sánchez Flores,Enrique ,,Sánchez Flores,1965-02-02,9134,724,724
135542,M. Koller,Marcel,,Koller,1960-11-11,6407,756,756
14791,J. Klopp,Jürgen,,Klopp,1967-06-16,1612,276,276
254174,M. Pellegrino,Mauricio,,Pellegrino,1971-10-05,712,32,32
136439,C. Coleman,Chris,,Coleman,1970-06-10,22275,1013,1013
3265,Unai Emery,Unai,,Emery Etxegoien,1971-11-03,1609,724,724
20860,D. Ballardini,Davide,,Ballardini,1964-01-06,0,380,380
276858,G. Southgate,Gareth,,Southgate,1970-09-03,0,826,826
26012,C. Gourcuff,Christian,,Gourcuff,1955-04-05,16444,250,250
145007,A. Jonker,Andries,,Jonker,1962-09-22,0,528,528
4054,José González,José Manuel,,González López,1966-10-14,0,724,724
8934,E. Howe,Eddie,,Howe,1977-11-29,1659,826,826
210701,V. Petković,Vladimir,,Petković,1963-08-15,0,70,756
210254,F. Pecchia,Fabio,,Pecchia,1973-08-24,12814,380,380
28158,J. Pinot,José,,Pinot,1965-04-30,0,250,250
484354,Ó. Ramírez,Óscar Antonio,,Ramírez Hernández,1964-12-08,0,188,188
367510,F. Kohfeldt,Florian,,Kohfeldt,1982-10-05,2443,276,276
261672,A. Nouri,Alexander,,Nouri,1979-08-20,0,276,276
525079,Cristóbal,Cristóbal,,Parralo Aguilera,1967-08-21,741,724,724
3396,M. Bielsa,Marcelo Alberto,,Bielsa Caldera,1955-07-21,1630,32,32
209364,N. Maâloul,Nabil,,Maâloul,1962-07-25,0,788,788
32637,F. Terim,Fatih,,Terim,1953-09-04,4492,792,792
16837,A. Schwartz,Alois,,Schwartz,1967-03-28,2472,276,276
122788,Z. Dalic,Zlatko,,Dalic,1966-10-26,0,70,191
33204,H. Cúper,Héctor Raúl,,Cúper,1955-11-16,0,32,32
248800,M. Fomenko,Mikhail Ivanovich,,Fomenko,1948-09-19,0,804,804
94654,A. Nishino,Akira,,Nishino,1955-04-07,0,392,392
269869,S. Bilić,Slaven,,Bilić,1968-09-11,0,191,191
531745,Paco,Francisco,,de Míguel Moreno,1973-02-19,1613,724,724
3295,José Mourinho,José Mario Felix,,dos Santos Mourinho,1963-01-26,0,620,620
360949,F. Da Cruz,Fernando,,Da Cruz,,0,250,250
57369,H. Hallgrímsson,Heimir,,Hallgrímsson,1967-06-10,0,352,352
216136,S. Lamouchi,Sabri,,Lamouchi,1971-11-09,0,250,250
270032,F. Pecchia,Fabio,,Pecchia,1973-08-24,0,380,380
143326,A. Cissé,Aliou,,Cissé,1976-03-24,0,686,686
25751,F. Hantz,Frédéric,,Hantz,1966-05-30,0,250,250
266521,P. Stöger,Peter,,Stöger,1966-04-11,0,40,40
228372,S. Schwarz,Sandro,,Schwarz,1978-10-17,2460,276,276
215903,M. Debeve,Mickaël,,Debeve,1970-12-01,0,250,250
5298,Quique Setién,Enrique,,Setién Solar,1958-09-27,684,724,724
251201,N. Kovač,Niko,,Kovač,1971-10-15,2444,276,191
240612,Paco López,Francisco José,,López Fernández,1967-09-19,695,724,724
8880,S. Dyche,Sean,,Dyche,1971-06-28,1646,826,826
25549,D. Deschamps,Didier,,Deschamps,1968-10-15,4418,250,250
3500,Javi Calleja,Javier,,Calleja Revilla,1978-05-12,682,724,724
292863,M. Pochettino,Mauricio Roberto,,Pochettino Trossero,1972-03-02,1624,32,32
209010,C. Puel,Claude,,Puel,1961-09-02,0,250,250
8357,R. Hodgson,Roy,,Hodgson,1947-08-09,1628,826,826
266522,S. Ruthenbeck,Stefan ,,Ruthenbeck,1972-04-19,3111,276,276
220743,O. Dall’Oglio,Olivier,,Dall’Oglio,1964-05-16,0,250,250
20508,C. Ranieri,Claudio,,Ranieri,1951-10-20,3158,380,380
25606,J. Garcia,Jean Louis,,Garcia,1962-09-20,0,250,250
210146,A. Kombouare,Antoine,,Kombouare,1963-11-16,3804,540,250
301696,Juan Muñiz,Juan Ramón,,López Muñiz,1968-11-02,0,724,724
25683,J. Sablé,Julien,,Sablé,1980-09-11,3782,250,250
8541,S. Allardyce,Sam,,Allardyce,1954-10-19,0,826,826
4107,José Bordalás,José,,Bordalás Jiménez,1964-03-05,698,724,724
15005,L. Favre,Lucien,,Favre,1957-11-02,2447,756,756
9092,G. Poyet,Gustavo Augusto,,Poyet Domínguez,1967-11-15,0,858,858
82503,P. Vrba,Pavel,,Vrba,1963-12-06,11255,203,203
287082,W. Zenga,Walter,,Zenga,1960-04-28,0,380,380
134151,Del Bosque,Vicente,,Del Bosque,1950-12-23,0,724,724
136612,Carlos Queiroz,Carlos Manuel,,Brito Leal Queiróz,1953-03-01,0,508,620
333560,B. Hollerbach,Bernd,,Hollerbach,1969-12-08,0,276,276
333641,Hierro,Fernando ,,Ruiz Hierro,1968-03-23,0,724,724
21155,W. Mazzarri,Walter,,Mazzarri,1961-10-01,3185,380,380
296896,M. Baum,Manuel,,Baum,1979-08-30,0,276,276
89543,J. Sampaoli,Jorge Luis,,Sampaoli Moya,1960-03-13,5655,32,32
99428,A. Nawałka,Adam,,Nawałka,1957-10-23,13510,616,616
25926,J. Gourvennec,Jocelyn,,Gourvennec,1972-03-22,3785,250,250
107408,Tae-Yong Shin,Tae-Yong,,Shin,1970-10-11,0,410,410
149026,T. Pulis,Tony,,Pulis,1958-01-16,1620,1013,1013
272299,J. Nagelsmann,Julian,,Nagelsmann,1987-07-23,2482,276,276
268775,F. de Boer,Frank,,de Boer,1970-05-15,58165,528,528
140684,H. Renard,Hervé,,Renard,1968-09-30,0,250,250
537833,Paquito Ortiz,Francisco,,Ortiz Rivas,1969-08-12,714,724,724
20481,R. Donadoni,Roberto,,Donadoni,1963-09-09,0,380,380
20747,M. Oddo,Massimo,,Oddo,1976-06-14,0,380,380
275283,Z. Zidane,Zinédine,,Zidane,1972-06-23,675,250,250
19925,A. Breitenreiter,André,,Breitenreiter,1973-10-02,0,276,276
360105,A. Iordănescu,Anghel,,Iordănescu,1950-05-04,0,642,642
268779,R. Koeman,Ronald,,Koeman,1963-03-21,0,528,528
101547,L. Spalletti,Luciano,,Spalletti,1959-03-07,3161,380,380
8235,D. Moyes,David ,,Moyes,1963-04-25,0,1002,1002
9054,M. Hughes,Mark,,Hughes,1963-11-01,0,1013,1013
4784,Eusebio Sacristán,Eusebio,,Sacristán Mena,1964-04-13,756,724,724
8214,M. Appleton,Michael ,,Appleton,1975-12-04,8514,826,826
90948,H. Gómez,Hernán Darío,,Gómez Jaramillo,1956-02-03,0,170,170
434992,D. Unsworth,David,,Unsworth,1973-10-16,39800,826,826
211238,B. Génésio,Bruno,,Génésio,1966-09-01,3766,250,250
26272,P. Hinschberger,Philippe,,Hinschberger,1959-11-19,3798,250,250
3630,Joaquín Caparrós,Joaquín ,,de Jesús Caparrós Camino,1955-10-13,0,724,724
54577,Å. Hareide,Åge Fridtjof,,Hareide,1953-09-23,0,578,578
546966,M. Krstajić,Mladen,,Krstajić,1974-03-04,17322,70,688
134976,E. Hamrén,Erik,,Hamrén,1957-06-27,0,752,752
134365,J. Löw,Joachim,,Löw,1960-02-03,3148,276,276
210116,G. Gasperini,Gian Piero,,Gasperini,1958-01-26,3172,380,380
25842,C. Galtier,Christophe,,Galtier,1966-08-28,3776,250,250
3427,D. Simeone,Diego Pablo,,Simeone,1970-04-28,679,32,32
190909,W. Sagnol,Willy,,Sagnol,1977-03-18,0,250,250
139142,Ó. Tabárez,Óscar Washington,,Tabárez Silva,1947-03-03,0,858,858
447924,D. Tedesco,Domenico,,Tedesco,1985-09-12,0,276,380
275291,Rubén Uría,Juan Rubén,,Uría Corral,1968-01-30,0,724,724
381291,P. Clement,Paul,,Clement,1972-01-08,0,826,826
136636,M. O'Neill,Michael,,O'Neill,1969-07-05,0,1014,1014
167044,Pablo Machín,Pablo Javier,,Machín Díez,1975-04-07,0,724,724
137379,J. Pekerman,José Néstor,,Pekerman,1949-09-03,0,32,32
83888,R. De Zerbi,Roberto,,De Zerbi,1979-06-06,3315,380,380
210120,S. Mihajlović,Siniša,,Mihajlović,1969-02-20,3166,191,688
21603,R. Maran,Rolando,,Maran,1963-07-14,3173,380,380
93112,Javi Gracia,Javier,,Gracia Carlos,1970-05-01,1644,724,724
149135,T. Laurey,Thierry,,Laurey,1964-02-14,3779,250,250
391523,H. Wolf,Hannes,,Wolf,1981-04-15,2450,276,276
5149,Manolo Márquez,Manuel,,Márquez Roca,1968-09-07,0,724,724
261661,C. Bucchi,Christian,,Bucchi,1977-02-13,3219,380,380
269087,C. Ancelotti,Carlo,,Ancelotti,1959-06-10,3187,380,380
444778,David Gallego,David,,Gallego Rodríguez,1972-01-26,763,724,724
228969,P. Dupraz,Pascal,,Dupraz,1962-09-19,0,250,250
292972,José Ángel Ziganda,José Ángel,,Ziganda Lacunza,1966-10-01,0,724,724
267136,Guardiola,Josep ,,Guardiola i Sala,1971-01-18,1625,724,724
272970,L. D'Anna,Lorenzo,,D'Anna,1972-01-29,0,380,380
8512,M. O'Neill,Martin,,O'Neill,1952-03-01,1642,1014,1014
264893,S. Cherchesov,Stanislav Salamovich,,Cherchesov,1963-09-02,0,643,643
134090,B. van Marwijk,Bert,,van Marwijk,1952-05-19,0,528,528
14977,C. Streich,Christian,,Streich,1965-06-11,2453,276,276
71037,Marco Silva,Marco Alexandre,,Saraiva da Silva,1977-07-12,1623,620,620
8605,Roberto Martínez,Roberto,,Martínez Montoliú,1973-07-13,0,724,724
8329,P. Lambert,Paul ,,Lambert,1969-08-07,1634,1002,1002
70160,Leonardo Jardim,José Leonardo,,Nunes Alves Sousa Jardim,1974-08-01,19830,862,620
333782,C. Shakespeare,Craig,,Shakespeare,1963-10-26,0,826,826
210119,E. Di Francesco,Eusebio,,Di Francesco,1969-09-08,0,380,380
101575,L. Slutsky,Leonid,,Slutsky,1971-05-04,24,643,643
26243,S. Moulin,Stéphane,,Moulin,1967-08-04,3799,250,250
251044,D. López,Luis Diego,,López Breijo,1974-08-22,15633,858,858
20665,S. Pioli,Stefano,,Pioli,1965-10-20,0,380,380
51239,J. Andersson,Janne,,Andersson,1962-09-29,0,752,752
40532,Tite,Adenor Leonardo,,Bacchi,1961-05-25,6380,76,76
638,P. Bosz,Peter,,Bosz,1963-11-21,2446,528,528
270285,J. Gasset,Jean-Louis,,Gasset,1953-12-09,3782,250,250
117648,L. Zubeldía,Luis Francisco,,Zubeldía,1981-01-13,0,32,32
21414,D. Nicola,Davide,,Nicola,1973-03-05,0,380,380
5326,Asier Garitano,Asier,,Garitano Aguirrezábal,1969-12-06,0,724,724
357389,L. Semplici,Leonardo,,Semplici,1967-07-18,3204,380,380
218066,Óscar García,Óscar,,García Junyent,1973-04-26,0,724,724
198390,I. Juric,Ivan,,Juric,1975-08-25,0,191,191
8093,C. Hughton,Chris,,Hughton,1958-12-11,1651,826,372
137521,Fernando Santos,Fernando Manuel,,Fernandes da Costa Santos,1954-10-19,0,620,620
90162,E. Berizzo,Manuel Eduardo,,Berizzo,1969-11-13,0,32,32
268998,J. Kozák,Jan,,Kozák,1954-04-17,0,705,703
337062,Javier Cabello,Javier Antonio,,Cabello Rubio,1974-07-20,0,724,724
420376,A. Hofschneider,André,,Hofschneider,1970-06-10,0,276,276
267555,I. Tudor,Igor,,Tudor,1978-04-16,3163,191,191
210252,M. Sarri,Maurizio,,Sarri,1959-01-10,1610,380,380
272869,A. Conte,Antonio,,Conte,1969-07-31,0,380,380
7973,A. Pardew,Alan ,,Pardew,1961-07-18,0,826,826
206965,M. Wilmots,Marc,,Wilmots,1969-02-22,0,56,56
15470,H. Herrlich,Heiko,,Herrlich,1971-12-03,0,276,276
20407,G. Gattuso,Ivan Gennaro,,Gattuso,1978-01-09,3157,380,380
264939,José Miguel Campos,José Miguel,,Campos Rodríguez,1966-08-12,0,724,724
26213,M. Der Zakarian,Michel ,,Der Zakarian,1963-02-18,3787,51,51
7845,A. Wenger,Arsène,,Wenger,1949-10-22,0,250,250
3485,Mendilibar,José Luis,,Mendilibar Etxebarria,1961-03-14,701,724,724
3454,Míchel,José Miguel ,,González Martín del Campo,1963-03-23,0,724,724
