player_id,match_id,name,team,pos,assist,cross
4513,2057954,D. Cheryshev,Russia,MID,0,4
41123,2057954,Mário Fernandes,Russia,DEF,0,1
101699,2057954,A. Samedov,Russia,MID,0,1
101707,2057954,F. Smolov,Russia,FWD,0,1
101857,2057954,Y. Zhirkov,Russia,MID,0,1
103682,2057954,R. Zobnin,Russia,MID,0,1
122615,2057954,Hattan Bahbir,Saudi Arabia,MID,0,1
122940,2057954,Yasir Al Shahrani,Saudi Arabia,DEF,0,1
257800,2057954,A. Golovin,Russia,MID,2,3
292954,2057954,Mohammed Al Burayk,Saudi Arabia,DEF,0,2
20460,2057955,M. Cáceres,Uruguay,DEF,0,3
21174,2057955,E. Cavani,Uruguay,FWD,0,2
70095,2057955,C. Rodríguez,Uruguay,MID,0,2
86340,2057955,C. Sánchez,Uruguay,MID,1,3
116166,2057955,G. Varela,Uruguay,DEF,0,2
119932,2057955,Mahmoud Kahraba,Egypt,MID,0,2
119975,2057955,Mohamed Abdel-Shafi,Egypt,DEF,0,1
120156,2057955,Ahmed Fathy,Egypt,DEF,0,5
213364,2057955,G. De Arrascaeta,Uruguay,MID,0,2
220112,2057955,Trézéguet,Egypt,MID,0,1
299618,2057955,N. Nández,Uruguay,MID,0,3
388928,2057955,Amr Warda,Egypt,MID,0,3
4513,2057956,D. Cheryshev,Russia,MID,0,4
41123,2057956,Mário Fernandes,Russia,DEF,1,3
101699,2057956,A. Samedov,Russia,MID,0,4
101857,2057956,Y. Zhirkov,Russia,MID,0,4
102157,2057956,Y. Gazinskiy,Russia,MID,0,2
103668,2057956,I. Kutepov,Russia,DEF,1,0
103682,2057956,R. Zobnin,Russia,MID,0,2
119975,2057956,Mohamed Abdel-Shafi,Egypt,DEF,0,2
120156,2057956,Ahmed Fathy,Egypt,DEF,0,7
120167,2057956,Abdallah Said,Egypt,MID,0,1
120353,2057956,Mohamed Salah,Egypt,FWD,0,1
198120,2057956,Ali Gabr,Egypt,DEF,0,1
220112,2057956,Trézéguet,Egypt,MID,0,2
257800,2057956,A. Golovin,Russia,MID,0,5
388928,2057956,Amr Warda,Egypt,MID,0,4
7972,2057957,L. Suárez,Uruguay,FWD,0,2
20460,2057957,M. Cáceres,Uruguay,DEF,0,2
21174,2057957,E. Cavani,Uruguay,FWD,0,2
70095,2057957,C. Rodríguez,Uruguay,MID,0,2
86340,2057957,C. Sánchez,Uruguay,MID,1,2
116166,2057957,G. Varela,Uruguay,DEF,0,1
122615,2057957,Hattan Bahbir,Saudi Arabia,MID,0,1
122623,2057957,Fahad Al Muwallad,Saudi Arabia,FWD,0,1
122832,2057957,Salem Al Dawsari,Saudi Arabia,MID,0,1
122847,2057957,Salman Al Faraj,Saudi Arabia,MID,0,3
122940,2057957,Yasir Al Shahrani,Saudi Arabia,DEF,0,2
292954,2057957,Mohammed Al Burayk,Saudi Arabia,DEF,0,7
4513,2057958,D. Cheryshev,Russia,MID,0,3
7972,2057958,L. Suárez,Uruguay,FWD,0,1
20460,2057958,M. Cáceres,Uruguay,DEF,0,2
41123,2057958,Mário Fernandes,Russia,DEF,0,1
70095,2057958,C. Rodríguez,Uruguay,MID,0,1
101647,2057958,F. Kudryashov,Russia,DEF,0,1
101699,2057958,A. Samedov,Russia,MID,0,1
101707,2057958,F. Smolov,Russia,FWD,0,2
103682,2057958,R. Zobnin,Russia,MID,0,2
116269,2057958,D. Laxalt,Uruguay,MID,0,3
213364,2057958,G. De Arrascaeta,Uruguay,MID,0,2
395636,2057958,Maxi Gómez,Uruguay,FWD,0,1
119951,2057959,Ahmed Hegazy,Egypt,DEF,0,1
119975,2057959,Mohamed Abdel-Shafi,Egypt,DEF,0,2
120156,2057959,Ahmed Fathy,Egypt,DEF,0,2
120167,2057959,Abdallah Said,Egypt,MID,1,1
120353,2057959,Mohamed Salah,Egypt,FWD,0,1
122615,2057959,Hattan Bahbir,Saudi Arabia,MID,0,2
122847,2057959,Salman Al Faraj,Saudi Arabia,MID,0,5
122918,2057959,Hussain Al Mogahwi,Saudi Arabia,MID,0,3
122940,2057959,Yasir Al Shahrani,Saudi Arabia,DEF,0,7
139393,2057959,Abdullah Otayf,Saudi Arabia,MID,1,0
220112,2057959,Trézéguet,Egypt,MID,0,1
292954,2057959,Mohammed Al Burayk,Saudi Arabia,DEF,0,5
388928,2057959,Amr Warda,Egypt,MID,0,2
3269,2057960,Jordi Alba,Spain,DEF,0,4
3304,2057960,Nacho,Spain,DEF,0,2
3346,2057960,Sergio Busquets,Spain,MID,1,0
3443,2057960,Koke,Spain,MID,0,1
3563,2057960,Isco,Spain,MID,0,5
4338,2057960,Diego Costa,Spain,FWD,0,1
28907,2057960,Raphaël Guerreiro,Portugal,DEF,0,5
32597,2057960,Ricardo Quaresma,Portugal,FWD,0,2
70093,2057960,João Moutinho,Portugal,MID,0,1
70389,2057960,Cédric Soares,Portugal,DEF,0,2
70965,2057960,João Mário,Portugal,MID,0,1
243588,2057960,Bruno Fernandes,Portugal,MID,0,1
142,2057961,K. El Ahmadi,Morocco,MID,0,2
3509,2057961,M. Shojaei,Iran,MID,0,1
32968,2057961,N. Amrabat,Morocco,FWD,0,5
79149,2057961,K. Ansarifard,Iran,FWD,0,2
79248,2057961,E. Hajsafi,Iran,DEF,0,2
79381,2057961,A. Jahanbakhsh,Iran,FWD,0,3
101846,2057961,M. Boussoufa,Morocco,MID,0,2
221039,2057961,H. Ziyech,Morocco,MID,0,1
237836,2057961,V. Amiri,Iran,MID,0,1
285590,2057961,S. Amrabat,Morocco,MID,0,1
372915,2057961,A. Harit,Morocco,MID,0,1
396475,2057961,A. Hakimi,Morocco,DEF,0,2
3305,2057962,Pepe,Portugal,DEF,0,1
3322,2057962,Cristiano Ronaldo,Portugal,FWD,0,1
25888,2057962,F. Fajr,Morocco,MID,0,1
25998,2057962,Y. Belhanda,Morocco,MID,0,1
28907,2057962,Raphaël Guerreiro,Portugal,DEF,0,1
32968,2057962,N. Amrabat,Morocco,FWD,0,6
70093,2057962,João Moutinho,Portugal,MID,1,1
70389,2057962,Cédric Soares,Portugal,DEF,0,1
101846,2057962,M. Boussoufa,Morocco,MID,0,4
101847,2057962,M. Carcela-González,Morocco,MID,0,2
149074,2057962,N. Dirar,Morocco,MID,0,4
221039,2057962,H. Ziyech,Morocco,MID,0,3
243588,2057962,Bruno Fernandes,Portugal,MID,0,2
265673,2057962,Bernardo Silva,Portugal,MID,0,1
396475,2057962,A. Hakimi,Morocco,DEF,0,2
3269,2057963,Jordi Alba,Spain,DEF,0,7
3353,2057963,Iniesta,Spain,MID,0,3
3563,2057963,Isco,Spain,MID,0,5
4498,2057963,Lucas Vázquez,Spain,FWD,0,4
4501,2057963,Daniel Carvajal,Spain,DEF,0,3
8317,2057963,David Silva,Spain,MID,0,2
78991,2057963,O. Ebrahimi,Iran,MID,0,2
79098,2057963,R. Rezaeian,Iran,DEF,0,3
79320,2057963,M. Taremi,Iran,FWD,0,1
237836,2057963,V. Amiri,Iran,MID,0,5
288091,2057963,Marco Asensio,Spain,MID,0,1
28907,2057964,Raphaël Guerreiro,Portugal,DEF,0,4
32597,2057964,Ricardo Quaresma,Portugal,FWD,0,7
70389,2057964,Cédric Soares,Portugal,DEF,0,2
70403,2057964,Adrien Silva,Portugal,MID,0,1
70965,2057964,João Mário,Portugal,MID,0,1
78991,2057964,O. Ebrahimi,Iran,MID,0,1
79098,2057964,R. Rezaeian,Iran,DEF,0,4
79381,2057964,A. Jahanbakhsh,Iran,FWD,0,1
135927,2057964,André Silva,Portugal,FWD,0,1
237836,2057964,V. Amiri,Iran,MID,0,1
3269,2057965,Jordi Alba,Spain,DEF,0,2
3353,2057965,Iniesta,Spain,MID,1,3
3563,2057965,Isco,Spain,MID,0,3
3840,2057965,Iago Aspas,Spain,FWD,0,1
4501,2057965,Daniel Carvajal,Spain,DEF,1,6
8317,2057965,David Silva,Spain,MID,0,2
25888,2057965,F. Fajr,Morocco,MID,1,0
25998,2057965,Y. Belhanda,Morocco,MID,0,1
32968,2057965,N. Amrabat,Morocco,FWD,0,1
70129,2057965,Rodrigo,Spain,FWD,0,1
149074,2057965,N. Dirar,Morocco,MID,0,2
396475,2057965,A. Hakimi,Morocco,DEF,0,1
54,2057967,C. Eriksen,Denmark,MID,1,4
15080,2057967,N. Jørgensen,Denmark,FWD,0,3
56394,2057967,H. Dalsgaard,Denmark,DEF,0,2
70156,2057967,A. Carrillo,Peru,MID,0,6
114723,2057967,Y. Yotún,Peru,MID,0,1
114813,2057967,C. Cueva,Peru,MID,0,3
115146,2057967,M. Trauco,Peru,DEF,0,5
139078,2057967,P. Aquino,Peru,MID,0,1
241945,2057967,P. Sisto,Denmark,MID,0,1
3682,2057968,A. Griezmann,France,FWD,0,2
14872,2057968,J. Farfán,Peru,FWD,0,1
14909,2057968,P. Guerrero,Peru,FWD,0,1
25437,2057968,B. Matuidi,France,MID,0,4
26010,2057968,O. Giroud,France,FWD,0,1
28115,2057968,N. Fekir,France,MID,0,1
70156,2057968,A. Carrillo,Peru,MID,0,5
114709,2057968,L. Advíncula,Peru,DEF,0,3
114723,2057968,Y. Yotún,Peru,MID,0,1
114762,2057968,É. Flores,Peru,MID,0,3
114813,2057968,C. Cueva,Peru,MID,0,1
115146,2057968,M. Trauco,Peru,DEF,0,1
286390,2057968,O. Dembélé,France,FWD,0,2
353833,2057968,K. Mbappé,France,FWD,0,2
3682,2057970,A. Griezmann,France,FWD,0,3
26136,2057970,B. Mendy,France,DEF,0,8
26196,2057970,D. Sidibé,France,DEF,0,6
28115,2057970,N. Fekir,France,MID,0,1
31528,2057970,N. Kanté,France,MID,0,1
55968,2057970,M. Braithwaite,Denmark,FWD,0,1
56394,2057970,H. Dalsgaard,Denmark,DEF,0,1
135150,2057970,A. Cornelius,Denmark,FWD,0,1
241945,2057970,P. Sisto,Denmark,MID,0,1
279545,2057970,L. Hernández,France,DEF,0,2
286390,2057970,O. Dembélé,France,FWD,0,1
93,2057972,J. Guðmunds­son,Iceland,MID,0,1
3280,2057972,É. Banega,Argentina,MID,0,2
3314,2057972,Á. di María,Argentina,MID,0,6
3323,2057972,G. Higuaín,Argentina,FWD,0,1
3445,2057972,E. Salvio,Argentina,MID,0,4
8325,2057972,S. Agüero,Argentina,FWD,0,1
21314,2057972,E. Hallfreðsson,Iceland,MID,0,1
38084,2057972,B. Bjarnason,Iceland,MID,0,1
77558,2057972,G. Sigurðsson,Iceland,MID,0,4
86722,2057972,N. Tagliafico,Argentina,DEF,0,1
135207,2057972,H. Magnússon,Iceland,DEF,0,2
146459,2057972,M. Meza,Argentina,MID,0,2
285396,2057972,C. Pavón,Argentina,FWD,0,2
3476,2057973,I. Rakitić,Croatia,MID,0,2
5295,2057973,O. Ighalo,Nigeria,FWD,0,1
7898,2057973,J. Obi Mikel,Nigeria,MID,0,2
8287,2057973,L. Modrić,Croatia,MID,0,1
8625,2057973,V. Moses,Nigeria,MID,0,4
14812,2057973,I. Perišić,Croatia,MID,0,2
69409,2057973,Š. Vrsaljko,Croatia,DEF,0,3
69411,2057973,A. Kramarić,Croatia,FWD,0,2
69616,2057973,A. Rebić,Croatia,FWD,0,4
101606,2057973,A. Musa,Nigeria,FWD,0,1
209792,2057973,B. Idowu,Nigeria,DEF,0,2
230020,2057973,A. Iwobi,Nigeria,MID,0,2
285508,2057973,K. Iheanacho,Nigeria,FWD,0,1
3445,2057974,E. Salvio,Argentina,MID,0,2
8325,2057974,S. Agüero,Argentina,FWD,0,1
14812,2057974,I. Perišić,Croatia,MID,0,5
14943,2057974,M. Mandžukić,Croatia,FWD,0,1
69404,2057974,M. Kovačić,Croatia,MID,1,1
69409,2057974,Š. Vrsaljko,Croatia,DEF,0,2
69411,2057974,A. Kramarić,Croatia,FWD,0,1
89073,2057974,M. Acuña,Argentina,MID,0,7
89186,2057974,P. Dybala,Argentina,FWD,0,1
285396,2057974,C. Pavón,Argentina,FWD,0,2
7898,2057975,J. Obi Mikel,Nigeria,MID,0,3
8625,2057975,V. Moses,Nigeria,MID,1,3
38084,2057975,B. Bjarnason,Iceland,MID,0,1
54451,2057975,B. Sævarsson,Iceland,DEF,0,5
56146,2057975,R. Gíslason,Iceland,FWD,0,2
58105,2057975,J. Böðvarsson,Iceland,FWD,0,1
77521,2057975,A. Gunnarsson,Iceland,MID,0,1
77558,2057975,G. Sigurðsson,Iceland,MID,0,2
101606,2057975,A. Musa,Nigeria,FWD,0,2
135207,2057975,H. Magnússon,Iceland,DEF,0,3
209792,2057975,B. Idowu,Nigeria,DEF,0,2
265366,2057975,W. Ndidi,Nigeria,MID,0,2
424624,2057975,O. Etebo,Nigeria,FWD,0,3
3280,2057976,É. Banega,Argentina,MID,1,2
3314,2057976,Á. di María,Argentina,MID,0,1
3323,2057976,G. Higuaín,Argentina,FWD,0,1
3359,2057976,L. Messi,Argentina,FWD,0,3
8625,2057976,V. Moses,Nigeria,MID,0,1
86220,2057976,G. Mercado,Argentina,DEF,1,4
86722,2057976,N. Tagliafico,Argentina,DEF,0,1
101606,2057976,A. Musa,Nigeria,FWD,0,4
285396,2057976,C. Pavón,Argentina,FWD,0,3
285508,2057976,K. Iheanacho,Nigeria,FWD,0,1
93,2057977,J. Guðmunds­son,Iceland,MID,0,1
8287,2057977,L. Modrić,Croatia,MID,0,1
14812,2057977,I. Perišić,Croatia,MID,0,2
37948,2057977,A. Finnbogason,Iceland,FWD,0,2
38084,2057977,B. Bjarnason,Iceland,MID,0,2
54451,2057977,B. Sævarsson,Iceland,DEF,0,1
57480,2057977,A. Traustason,Iceland,MID,0,1
69400,2057977,M. Badelj,Croatia,MID,1,1
69964,2057977,J. Pivarić,Croatia,DEF,0,2
77521,2057977,A. Gunnarsson,Iceland,MID,0,1
77558,2057977,G. Sigurðsson,Iceland,MID,0,3
135207,2057977,H. Magnússon,Iceland,DEF,0,2
135810,2057977,M. Pjaca,Croatia,FWD,0,1
212604,2057977,T. Jedvaj,Croatia,DEF,0,2
216568,2057977,A. Gudmundsson,Iceland,FWD,0,1
3310,2057978,Marcelo,Brazil,DEF,0,4
14785,2057978,Renato Augusto,Brazil,MID,0,2
14922,2057978,R. Rodríguez,Switzerland,DEF,0,4
20465,2057978,S. Lichtsteiner,Switzerland,DEF,0,4
40756,2057978,Casemiro,Brazil,MID,0,2
40810,2057978,Neymar,Brazil,FWD,0,2
49872,2057978,X. Shaqiri,Switzerland,MID,1,2
70083,2057978,Danilo,Brazil,DEF,0,1
105333,2057978,Willian,Brazil,MID,0,4
340386,2057978,Gabriel Jesus,Brazil,FWD,0,2
383,2057979,D. Tadić,Serbia,MID,0,4
7891,2057979,B. Ivanović,Serbia,DEF,0,5
8306,2057979,A. Kolarov,Serbia,DEF,0,1
20941,2057979,A. Ljajić,Serbia,FWD,0,2
26038,2057979,J. Campbell,Costa Rica,FWD,0,1
51004,2057979,C. Borges,Costa Rica,MID,0,1
55977,2057979,C. Gamboa,Costa Rica,DEF,0,2
55988,2057979,C. Bolaños,Costa Rica,MID,0,2
101796,2057979,M. Ureña,Costa Rica,FWD,0,1
125250,2057979,Ó. Duarte,Costa Rica,DEF,0,1
125260,2057979,D. Guzmán,Costa Rica,MID,0,2
125273,2057979,D. Colindres,Costa Rica,FWD,0,1
125452,2057979,J. Venegas,Costa Rica,MID,0,1
125512,2057979,F. Calvo,Costa Rica,DEF,0,3
127796,2057979,F. Kostić,Serbia,MID,0,1
128214,2057979,A. Mitrović,Serbia,FWD,0,1
3310,2057980,Marcelo,Brazil,DEF,0,7
11155,2057980,B. Ruiz,Costa Rica,MID,0,2
20394,2057980,Thiago Silva,Brazil,DEF,0,1
40550,2057980,Paulinho,Brazil,MID,0,2
40707,2057980,Fágner,Brazil,DEF,0,5
40756,2057980,Casemiro,Brazil,MID,0,1
40810,2057980,Neymar,Brazil,FWD,0,6
55977,2057980,C. Gamboa,Costa Rica,DEF,0,2
55988,2057980,C. Bolaños,Costa Rica,MID,0,1
105333,2057980,Willian,Brazil,MID,0,1
105334,2057980,Douglas Costa,Brazil,MID,1,4
125452,2057980,J. Venegas,Costa Rica,MID,0,1
340386,2057980,Gabriel Jesus,Brazil,FWD,1,0
383,2057981,D. Tadić,Serbia,MID,1,4
7891,2057981,B. Ivanović,Serbia,DEF,0,3
8306,2057981,A. Kolarov,Serbia,DEF,0,2
14922,2057981,R. Rodríguez,Switzerland,DEF,0,6
20465,2057981,S. Lichtsteiner,Switzerland,DEF,0,1
49872,2057981,X. Shaqiri,Switzerland,MID,0,2
70122,2057981,N. Matić,Serbia,MID,0,1
127530,2057981,D. Tošić,Serbia,DEF,0,1
127537,2057981,L. Milivojević,Serbia,MID,0,1
127796,2057981,F. Kostić,Serbia,MID,0,4
237274,2057981,N. Radonjić,Serbia,MID,0,1
265865,2057981,S. Milinković-Savić,Serbia,MID,0,1
282772,2057981,B. Embolo,Switzerland,FWD,0,1
297957,2057981,M. Akanji,Switzerland,DEF,0,1
383,2057982,D. Tadić,Serbia,MID,0,4
3434,2057982,Filipe Luis,Brazil,DEF,0,1
3802,2057982,Philippe Coutinho,Brazil,FWD,1,0
8306,2057982,A. Kolarov,Serbia,DEF,0,5
15214,2057982,A. Rukavina,Serbia,DEF,0,6
20941,2057982,A. Ljajić,Serbia,FWD,0,3
40550,2057982,Paulinho,Brazil,MID,0,2
40810,2057982,Neymar,Brazil,FWD,1,1
105333,2057982,Willian,Brazil,MID,0,3
105339,2057982,Fernandinho,Brazil,MID,0,2
127796,2057982,F. Kostić,Serbia,MID,0,4
140085,2057982,A. Živković,Serbia,MID,0,3
237274,2057982,N. Radonjić,Serbia,MID,0,1
14922,2057983,R. Rodríguez,Switzerland,DEF,0,5
20465,2057983,S. Lichtsteiner,Switzerland,DEF,0,5
21169,2057983,B. Džemaili,Switzerland,MID,0,1
26038,2057983,J. Campbell,Costa Rica,FWD,1,1
51004,2057983,C. Borges,Costa Rica,MID,0,2
55982,2057983,B. Oviedo,Costa Rica,DEF,0,5
125260,2057983,D. Guzmán,Costa Rica,MID,0,1
125273,2057983,D. Colindres,Costa Rica,FWD,0,4
282772,2057983,B. Embolo,Switzerland,FWD,1,2
360992,2057983,D. Zakaria,Switzerland,MID,1,1
3318,2057984,S. Khedira,Germany,MID,0,2
3319,2057984,M. Özil,Germany,MID,0,2
3384,2057984,A. Guardado,Mexico,MID,0,1
3685,2057984,C. Vela,Mexico,FWD,0,2
7941,2057984,J. Hernández,Mexico,FWD,1,0
14716,2057984,J. Boateng,Germany,DEF,0,1
14732,2057984,T. Müller,Germany,FWD,0,10
14862,2057984,J. Draxler,Germany,MID,0,1
15024,2057984,M. Reus,Germany,FWD,0,3
15125,2057984,M. Plattenhardt,Germany,DEF,0,3
146583,2057984,J. Brandt,Germany,MID,0,1
173214,2057984,T. Werner,Germany,FWD,0,2
224593,2057984,J. Kimmich,Germany,DEF,0,11
295156,2057984,H. Lozano,Mexico,FWD,0,1
336178,2057984,J. Gallardo,Mexico,MID,0,2
123,2057985,O. Toivonen,Sweden,FWD,0,1
8529,2057985,S. Larsson,Sweden,MID,0,3
14911,2057985,Son Heung-Min,Korea Republic,FWD,0,2
49862,2057985,Joo-Ho Park,Korea Republic,DEF,0,2
51144,2057985,V. Claesson,Sweden,MID,0,1
51217,2057985,L. Augustinsson,Sweden,DEF,0,4
61949,2057985,M. Lustig,Sweden,DEF,0,4
95200,2057985,Young-Gwon Kim,Korea Republic,DEF,0,1
95299,2057985,Min-Woo Kim,Korea Republic,MID,0,3
95490,2057985,Woo-Young Jung,Korea Republic,MID,0,1
107529,2057985,Yong Lee,Korea Republic,DEF,0,3
299121,2057985,Jae-Sung Lee,Korea Republic,MID,0,1
349687,2057985,Hwang Hee-Chan,Korea Republic,FWD,0,1
123,2057986,O. Toivonen,Sweden,FWD,0,1
14716,2057986,J. Boateng,Germany,DEF,0,4
14723,2057986,T. Kroos,Germany,MID,0,3
14732,2057986,T. Müller,Germany,FWD,0,8
14808,2057986,İ. Gündoğan,Germany,MID,0,1
14862,2057986,J. Draxler,Germany,MID,0,1
15024,2057986,M. Reus,Germany,FWD,0,6
18669,2057986,J. Hector,Germany,DEF,0,3
50812,2057986,J. Durmaz,Sweden,MID,0,1
51144,2057986,V. Claesson,Sweden,MID,1,1
51217,2057986,L. Augustinsson,Sweden,DEF,0,4
61949,2057986,M. Lustig,Sweden,DEF,0,2
146583,2057986,J. Brandt,Germany,MID,0,1
173214,2057986,T. Werner,Germany,FWD,0,5
224593,2057986,J. Kimmich,Germany,DEF,0,13
3384,2057987,A. Guardado,Mexico,MID,0,1
3685,2057987,C. Vela,Mexico,FWD,0,2
7941,2057987,J. Hernández,Mexico,FWD,0,1
8297,2057987,G. dos Santos,Mexico,FWD,0,1
51625,2057987,Seon-Min Moon,Korea Republic,MID,0,2
95200,2057987,Young-Gwon Kim,Korea Republic,DEF,0,1
95299,2057987,Min-Woo Kim,Korea Republic,MID,0,2
107529,2057987,Yong Lee,Korea Republic,DEF,0,1
112366,2057987,M. Layún,Mexico,DEF,0,2
295156,2057987,H. Lozano,Mexico,FWD,1,0
299121,2057987,Jae-Sung Lee,Korea Republic,MID,0,2
336178,2057987,J. Gallardo,Mexico,MID,0,1
349687,2057987,Hwang Hee-Chan,Korea Republic,FWD,0,2
3318,2057988,S. Khedira,Germany,MID,0,1
3319,2057988,M. Özil,Germany,MID,0,4
14723,2057988,T. Kroos,Germany,MID,0,1
14732,2057988,T. Müller,Germany,FWD,0,1
14795,2057988,M. Hummels,Germany,DEF,0,2
15024,2057988,M. Reus,Germany,FWD,0,5
15781,2057988,Ja-Cheol Koo,Korea Republic,MID,0,1
18669,2057988,J. Hector,Germany,DEF,0,2
107413,2057988,Chul Hong,Korea Republic,DEF,0,1
107529,2057988,Yong Lee,Korea Republic,DEF,0,2
134383,2057988,N. Süle,Germany,DEF,0,1
134387,2057988,L. Goretzka,Germany,MID,0,2
146583,2057988,J. Brandt,Germany,MID,0,1
173214,2057988,T. Werner,Germany,FWD,0,8
209567,2057988,Se-Jong Ju,Korea Republic,MID,1,0
224593,2057988,J. Kimmich,Germany,DEF,0,12
123,2057989,O. Toivonen,Sweden,FWD,0,1
3685,2057989,C. Vela,Mexico,FWD,0,3
3795,2057989,H. Moreno,Mexico,DEF,0,1
7941,2057989,J. Hernández,Mexico,FWD,0,1
8529,2057989,S. Larsson,Sweden,MID,0,2
14908,2057989,M. Berg,Sweden,FWD,0,1
51217,2057989,L. Augustinsson,Sweden,DEF,0,1
61949,2057989,M. Lustig,Sweden,DEF,0,3
112253,2057989,M. Fabián,Mexico,MID,0,2
112366,2057989,M. Layún,Mexico,DEF,0,2
112459,2057989,H. Herrera,Mexico,MID,0,5
112522,2057989,J. Corona,Mexico,FWD,0,4
255387,2057989,C. Salcedo,Mexico,DEF,0,1
295156,2057989,H. Lozano,Mexico,FWD,0,1
336178,2057989,J. Gallardo,Mexico,MID,0,3
36,2057990,T. Alderweireld,Belgium,DEF,0,1
48,2057990,J. Vertonghen,Belgium,DEF,0,1
122,2057990,D. Mertens,Belgium,FWD,0,5
25707,2057990,E. Hazard,Belgium,FWD,1,0
37824,2057990,T. Meunier,Belgium,DEF,0,4
38021,2057990,K. De Bruyne,Belgium,MID,1,3
116364,2057990,E. Davis,Panama,DEF,0,2
134769,2057990,Y. Carrasco,Belgium,FWD,0,1
241077,2057990,Y. Bárcenas,Panama,MID,0,3
361498,2057990,M. Murillo,Panama,DEF,0,1
401861,2057990,J. Rodriguez,Panama,MID,0,2
7939,2057991,A. Young,England,DEF,0,2
7964,2057991,J. Henderson,England,MID,0,2
8277,2057991,K. Walker,England,DEF,0,1
8653,2057991,H. Maguire,England,DEF,1,1
8945,2057991,K. Trippier,England,DEF,0,4
9380,2057991,J. Stones,England,DEF,0,1
13484,2057991,D. Alli,England,MID,0,2
235555,2057991,R. Loftus-Cheek,England,MID,0,1
295747,2057991,D. Bronn,Tunisia,DEF,0,2
36,2057992,T. Alderweireld,Belgium,DEF,1,0
48,2057992,J. Vertonghen,Belgium,DEF,0,1
122,2057992,D. Mertens,Belgium,FWD,1,2
7905,2057992,R. Lukaku,Belgium,FWD,0,1
25776,2057992,W. Khazri,Tunisia,MID,1,3
26100,2057992,N. Sliti,Tunisia,MID,0,1
37824,2057992,T. Meunier,Belgium,DEF,1,4
38021,2057992,K. De Bruyne,Belgium,MID,0,3
134769,2057992,Y. Carrasco,Belgium,FWD,0,4
209354,2057992,F. Ben Youssef,Tunisia,FWD,0,1
263802,2057992,Y. Tielemans,Belgium,MID,1,0
275243,2057992,S. Khaoui,Tunisia,MID,0,2
293080,2057992,H. Nagguez,Tunisia,DEF,1,5
8292,2057993,D. Rose,England,DEF,0,1
8464,2057993,F. Delph,England,MID,0,1
8717,2057993,H. Kane,England,FWD,0,1
8945,2057993,K. Trippier,England,DEF,1,0
11066,2057993,R. Sterling,England,FWD,1,0
116364,2057993,E. Davis,Panama,DEF,0,3
235555,2057993,R. Loftus-Cheek,England,MID,1,0
241077,2057993,Y. Bárcenas,Panama,MID,0,3
361498,2057993,M. Murillo,Panama,DEF,0,2
401861,2057993,J. Rodriguez,Panama,MID,0,3
261,2057994,N. Chadli,Belgium,MID,0,1
7918,2057994,P. Jones,England,DEF,0,1
8249,2057994,M. Fellaini,Belgium,MID,0,1
8292,2057994,D. Rose,England,DEF,0,3
8464,2057994,F. Delph,England,MID,0,1
8653,2057994,H. Maguire,England,DEF,0,1
12829,2057994,J. Vardy,England,FWD,0,1
38093,2057994,M. Batshuayi,Belgium,FWD,0,1
235555,2057994,R. Loftus-Cheek,England,MID,0,3
261127,2057994,A. Januzaj,Belgium,MID,0,1
263802,2057994,Y. Tielemans,Belgium,MID,1,1
346101,2057994,T. Alexander-Arnold,England,DEF,0,3
397178,2057994,M. Rashford,England,FWD,0,2
25776,2057995,W. Khazri,Tunisia,MID,1,4
26100,2057995,N. Sliti,Tunisia,MID,0,3
120717,2057995,O. Haddadi,Tunisia,DEF,1,5
131862,2057995,L. Ovalle,Panama,DEF,0,1
209354,2057995,F. Ben Youssef,Tunisia,FWD,0,2
241077,2057995,Y. Bárcenas,Panama,MID,0,1
293080,2057995,H. Nagguez,Tunisia,DEF,0,5
354043,2057995,G. Chaalali,Tunisia,MID,0,2
401861,2057995,J. Rodriguez,Panama,MID,0,1
14798,2057996,Ł. Piszczek,Poland,DEF,0,4
25898,2057996,M. Niang,Senegal,FWD,0,3
28529,2057996,Y. Sabaly,Senegal,DEF,0,1
33032,2057996,K. Grosicki,Poland,MID,1,1
99391,2057996,M. Rybus,Poland,DEF,0,3
99452,2057996,A. Milik,Poland,FWD,0,1
99902,2057996,P. Zieliński,Poland,MID,0,2
375348,2057996,M. Wagué,Senegal,DEF,0,3
448079,2057996,I. Sarr,Senegal,MID,0,4
14836,2057997,T. Inui,Japan,MID,0,1
20517,2057997,Y. Nagatomo,Japan,DEF,0,2
37831,2057997,C. Bacca,Colombia,FWD,0,1
70136,2057997,S. Arias,Colombia,DEF,0,3
91702,2057997,J. Mojica,Colombia,DEF,0,4
94695,2057997,H. Sakai,Japan,DEF,0,4
94828,2057997,G. Shibasaki,Japan,MID,0,2
94831,2057997,Y. Ōsako,Japan,FWD,0,2
101592,2057997,K. Honda,Japan,MID,1,0
3450,2057998,R. Falcao,Colombia,FWD,0,1
14798,2057998,Ł. Piszczek,Poland,DEF,0,1
14817,2057998,R. Lewandowski,Poland,FWD,0,1
20751,2057998,J. Cuadrado,Colombia,MID,0,8
70096,2057998,J. Rodríguez,Colombia,MID,2,2
70136,2057998,S. Arias,Colombia,DEF,0,3
91019,2057998,J. Quintero,Colombia,MID,1,2
91702,2057998,J. Mojica,Colombia,DEF,0,8
99391,2057998,M. Rybus,Poland,DEF,0,1
99833,2057998,B. Bereszyński,Poland,DEF,0,2
99902,2057998,P. Zieliński,Poland,MID,0,1
240042,2057998,D. Kownacki,Poland,FWD,0,1
14836,2057999,T. Inui,Japan,MID,1,1
20517,2057999,Y. Nagatomo,Japan,DEF,1,2
25706,2057999,I. Gueye,Senegal,MID,0,1
25747,2057999,S. Mané,Senegal,FWD,0,1
25898,2057999,M. Niang,Senegal,FWD,1,2
26115,2057999,S. Sané,Senegal,DEF,0,1
28529,2057999,Y. Sabaly,Senegal,DEF,0,5
94650,2057999,G. Haraguchi,Japan,MID,0,1
94695,2057999,H. Sakai,Japan,DEF,0,1
94828,2057999,G. Shibasaki,Japan,MID,0,3
94831,2057999,Y. Ōsako,Japan,FWD,0,2
207164,2057999,B. N'Diaye,Senegal,MID,0,1
375348,2057999,M. Wagué,Senegal,DEF,0,7
448079,2057999,I. Sarr,Senegal,MID,0,4
14730,2058000,T. Usami,Japan,FWD,0,4
14749,2058000,G. Sakai,Japan,DEF,0,1
14836,2058000,T. Inui,Japan,MID,0,1
20517,2058000,Y. Nagatomo,Japan,DEF,0,2
33032,2058000,K. Grosicki,Poland,MID,0,7
94695,2058000,H. Sakai,Japan,DEF,0,2
94828,2058000,G. Shibasaki,Japan,MID,0,1
94831,2058000,Y. Ōsako,Japan,FWD,0,1
99381,2058000,A. Jędrzejczyk,Poland,DEF,0,1
99833,2058000,B. Bereszyński,Poland,DEF,0,2
225324,2058000,R. Kurzawa,Poland,MID,1,1
20751,2058001,J. Cuadrado,Colombia,MID,0,2
25747,2058001,S. Mané,Senegal,FWD,0,2
25898,2058001,M. Niang,Senegal,FWD,0,1
26115,2058001,S. Sané,Senegal,DEF,0,1
28529,2058001,Y. Sabaly,Senegal,DEF,0,1
91019,2058001,J. Quintero,Colombia,MID,1,0
91702,2058001,J. Mojica,Colombia,DEF,0,3
448079,2058001,I. Sarr,Senegal,MID,0,3
3322,2058002,Cristiano Ronaldo,Portugal,FWD,0,2
7972,2058002,L. Suárez,Uruguay,FWD,1,2
8126,2058002,José Fonte,Portugal,DEF,0,1
20460,2058002,M. Cáceres,Uruguay,DEF,0,1
28907,2058002,Raphaël Guerreiro,Portugal,DEF,1,10
32597,2058002,Ricardo Quaresma,Portugal,FWD,0,6
32599,2058002,Manuel Fernandes,Portugal,MID,0,1
70095,2058002,C. Rodríguez,Uruguay,MID,0,1
70381,2058002,Ricardo Pereira,Portugal,DEF,0,7
70403,2058002,Adrien Silva,Portugal,MID,0,1
70965,2058002,João Mário,Portugal,MID,0,5
116269,2058002,D. Laxalt,Uruguay,MID,0,1
116349,2058002,M. Vecino,Uruguay,MID,0,1
237034,2058002,Gonçalo Guedes,Portugal,FWD,0,2
265673,2058002,Bernardo Silva,Portugal,MID,0,6
299618,2058002,N. Nández,Uruguay,MID,0,2
361807,2058002,R. Bentancur,Uruguay,MID,1,1
3314,2058003,Á. di María,Argentina,MID,0,7
3359,2058003,L. Messi,Argentina,FWD,1,0
8325,2058003,S. Agüero,Argentina,FWD,0,1
26010,2058003,O. Giroud,France,FWD,1,0
146459,2058003,M. Meza,Argentina,MID,0,2
279545,2058003,L. Hernández,France,DEF,0,2
285396,2058003,C. Pavón,Argentina,FWD,0,6
340646,2058003,B. Pavard,France,DEF,0,2
353833,2058003,K. Mbappé,France,FWD,0,1
3269,2058004,Jordi Alba,Spain,DEF,0,1
3304,2058004,Nacho,Spain,DEF,0,3
3443,2058004,Koke,Spain,MID,0,2
3563,2058004,Isco,Spain,MID,0,6
4338,2058004,Diego Costa,Spain,FWD,0,1
4501,2058004,Daniel Carvajal,Spain,DEF,0,2
4513,2058004,D. Cheryshev,Russia,MID,0,1
41123,2058004,Mário Fernandes,Russia,DEF,0,1
101647,2058004,F. Kudryashov,Russia,DEF,0,1
101699,2058004,A. Samedov,Russia,MID,0,1
101707,2058004,F. Smolov,Russia,FWD,0,1
103668,2058004,I. Kutepov,Russia,DEF,0,2
103682,2058004,R. Zobnin,Russia,MID,0,2
257800,2058004,A. Golovin,Russia,MID,0,1
288091,2058004,Marco Asensio,Spain,MID,0,2
54,2058005,C. Eriksen,Denmark,MID,0,4
405,2058005,L. Schöne,Denmark,MID,0,1
8287,2058005,L. Modrić,Croatia,MID,0,3
14812,2058005,I. Perišić,Croatia,MID,0,5
55957,2058005,J. Knudsen,Denmark,DEF,0,4
55968,2058005,M. Braithwaite,Denmark,FWD,0,1
55990,2058005,T. Delaney,Denmark,MID,1,1
56274,2058005,Y. Poulsen,Denmark,FWD,0,2
56394,2058005,H. Dalsgaard,Denmark,DEF,0,1
69409,2058005,Š. Vrsaljko,Croatia,DEF,0,5
69411,2058005,A. Kramarić,Croatia,FWD,0,2
69616,2058005,A. Rebić,Croatia,FWD,0,5
69964,2058005,J. Pivarić,Croatia,DEF,0,3
105361,2058005,I. Strinić,Croatia,DEF,0,4
135103,2058005,A. Christensen,Denmark,DEF,0,1
135150,2058005,A. Cornelius,Denmark,FWD,0,1
3384,2058006,A. Guardado,Mexico,MID,0,1
3434,2058006,Filipe Luis,Brazil,DEF,0,1
3685,2058006,C. Vela,Mexico,FWD,0,2
3802,2058006,Philippe Coutinho,Brazil,FWD,0,1
7941,2058006,J. Hernández,Mexico,FWD,0,1
40550,2058006,Paulinho,Brazil,MID,0,1
40707,2058006,Fágner,Brazil,DEF,0,4
40756,2058006,Casemiro,Brazil,MID,0,1
40810,2058006,Neymar,Brazil,FWD,0,2
105333,2058006,Willian,Brazil,MID,1,4
112366,2058006,M. Layún,Mexico,DEF,0,4
112459,2058006,H. Herrera,Mexico,MID,0,2
295156,2058006,H. Lozano,Mexico,FWD,0,4
336178,2058006,J. Gallardo,Mexico,MID,0,1
340386,2058006,Gabriel Jesus,Brazil,FWD,0,2
48,2058007,J. Vertonghen,Belgium,DEF,0,1
122,2058007,D. Mertens,Belgium,FWD,0,2
261,2058007,N. Chadli,Belgium,MID,0,2
8249,2058007,M. Fellaini,Belgium,MID,0,1
14816,2058007,S. Kagawa,Japan,MID,0,1
14836,2058007,T. Inui,Japan,MID,0,3
20517,2058007,Y. Nagatomo,Japan,DEF,0,5
25707,2058007,E. Hazard,Belgium,FWD,1,3
37824,2058007,T. Meunier,Belgium,DEF,1,5
38021,2058007,K. De Bruyne,Belgium,MID,0,2
94650,2058007,G. Haraguchi,Japan,MID,0,1
94695,2058007,H. Sakai,Japan,DEF,0,2
94828,2058007,G. Shibasaki,Japan,MID,1,1
94831,2058007,Y. Ōsako,Japan,FWD,0,1
134769,2058007,Y. Carrasco,Belgium,FWD,0,4
123,2058008,O. Toivonen,Sweden,FWD,1,0
7850,2058008,J. Djourou,Switzerland,DEF,0,1
14922,2058008,R. Rodríguez,Switzerland,DEF,0,13
20876,2058008,A. Ekdal,Sweden,MID,0,1
49872,2058008,X. Shaqiri,Switzerland,MID,0,8
49876,2058008,G. Xhaka,Switzerland,MID,0,2
49977,2058008,M. Lang,Switzerland,DEF,0,5
49997,2058008,S. Zuber,Switzerland,MID,0,2
50023,2058008,J. Drmic,Switzerland,FWD,0,1
51132,2058008,E. Forsberg,Sweden,MID,0,1
51217,2058008,L. Augustinsson,Sweden,DEF,0,5
61949,2058008,M. Lustig,Sweden,DEF,0,2
3450,2058009,R. Falcao,Colombia,FWD,0,1
7934,2058009,J. Lingard,England,MID,0,1
7939,2058009,A. Young,England,DEF,0,1
7964,2058009,J. Henderson,England,MID,0,1
8945,2058009,K. Trippier,England,DEF,0,5
11066,2058009,R. Sterling,England,FWD,0,1
12829,2058009,J. Vardy,England,FWD,0,2
20751,2058009,J. Cuadrado,Colombia,MID,1,6
91019,2058009,J. Quintero,Colombia,MID,0,2
91702,2058009,J. Mojica,Colombia,DEF,0,8
3682,2058010,A. Griezmann,France,FWD,1,1
3714,2058010,C. Stuani,Uruguay,FWD,0,3
7936,2058010,P. Pogba,France,MID,0,2
7972,2058010,L. Suárez,Uruguay,FWD,0,3
20460,2058010,M. Cáceres,Uruguay,DEF,0,7
26010,2058010,O. Giroud,France,FWD,0,1
70095,2058010,C. Rodríguez,Uruguay,MID,0,1
70379,2058010,J. Urretavizcaya,Uruguay,MID,0,3
116269,2058010,D. Laxalt,Uruguay,MID,0,5
116349,2058010,M. Vecino,Uruguay,MID,0,1
209091,2058010,C. Tolisso,France,MID,1,1
227894,2058010,J. Giménez,Uruguay,DEF,0,1
279545,2058010,L. Hernández,France,DEF,0,1
299618,2058010,N. Nández,Uruguay,MID,0,4
333571,2058010,L. Torreira,Uruguay,MID,0,2
340646,2058010,B. Pavard,France,DEF,0,4
353833,2058010,K. Mbappé,France,FWD,0,3
361807,2058010,R. Bentancur,Uruguay,MID,0,1
261,2058011,N. Chadli,Belgium,MID,0,1
3310,2058011,Marcelo,Brazil,DEF,0,11
3802,2058011,Philippe Coutinho,Brazil,FWD,1,0
7905,2058011,R. Lukaku,Belgium,FWD,1,1
15808,2058011,Roberto Firmino,Brazil,FWD,0,1
37824,2058011,T. Meunier,Belgium,DEF,0,2
38021,2058011,K. De Bruyne,Belgium,MID,0,2
40707,2058011,Fágner,Brazil,DEF,0,1
40810,2058011,Neymar,Brazil,FWD,0,3
105333,2058011,Willian,Brazil,MID,0,3
105334,2058011,Douglas Costa,Brazil,MID,0,1
105339,2058011,Fernandinho,Brazil,MID,0,1
340386,2058011,Gabriel Jesus,Brazil,FWD,0,1
4513,2058012,D. Cheryshev,Russia,MID,0,1
8287,2058012,L. Modrić,Croatia,MID,1,3
14812,2058012,I. Perišić,Croatia,MID,0,1
14943,2058012,M. Mandžukić,Croatia,FWD,1,2
41123,2058012,Mário Fernandes,Russia,DEF,0,3
69396,2058012,D. Vida,Croatia,DEF,0,1
69409,2058012,Š. Vrsaljko,Croatia,DEF,0,10
69411,2058012,A. Kramarić,Croatia,FWD,0,5
69616,2058012,A. Rebić,Croatia,FWD,0,5
69964,2058012,J. Pivarić,Croatia,DEF,0,5
101590,2058012,A. Dzagoev,Russia,MID,1,0
101699,2058012,A. Samedov,Russia,MID,0,1
101707,2058012,F. Smolov,Russia,FWD,0,2
101953,2058012,A. Erokhin,Russia,MID,0,1
103682,2058012,R. Zobnin,Russia,MID,0,1
105361,2058012,I. Strinić,Croatia,DEF,0,1
220971,2058012,D. Kuzyaev,Russia,MID,0,1
257800,2058012,A. Golovin,Russia,MID,0,1
123,2058013,O. Toivonen,Sweden,FWD,0,1
151,2058013,J. Guidetti,Sweden,FWD,0,1
7934,2058013,J. Lingard,England,MID,1,2
7939,2058013,A. Young,England,DEF,1,5
7964,2058013,J. Henderson,England,MID,0,2
8192,2058013,M. Olsson,Sweden,DEF,0,3
8277,2058013,K. Walker,England,DEF,0,1
8464,2058013,F. Delph,England,MID,0,1
8529,2058013,S. Larsson,Sweden,MID,0,1
8653,2058013,H. Maguire,England,DEF,0,3
8717,2058013,H. Kane,England,FWD,0,1
8945,2058013,K. Trippier,England,DEF,0,6
11066,2058013,R. Sterling,England,FWD,0,5
13484,2058013,D. Alli,England,MID,0,2
51064,2058013,E. Krafth,Sweden,DEF,0,4
51132,2058013,E. Forsberg,Sweden,MID,0,2
51144,2058013,V. Claesson,Sweden,MID,0,2
51217,2058013,L. Augustinsson,Sweden,DEF,0,7
48,2058014,J. Vertonghen,Belgium,DEF,0,1
122,2058014,D. Mertens,Belgium,FWD,0,6
261,2058014,N. Chadli,Belgium,MID,0,8
3682,2058014,A. Griezmann,France,FWD,1,0
25707,2058014,E. Hazard,Belgium,FWD,0,1
38021,2058014,K. De Bruyne,Belgium,MID,0,7
70123,2058014,A. Witsel,Belgium,MID,0,1
279545,2058014,L. Hernández,France,DEF,0,3
340646,2058014,B. Pavard,France,DEF,0,2
353833,2058014,K. Mbappé,France,FWD,0,2
3476,2058015,I. Rakitić,Croatia,MID,0,1
8287,2058015,L. Modrić,Croatia,MID,0,1
8292,2058015,D. Rose,England,DEF,0,3
8945,2058015,K. Trippier,England,DEF,0,3
13484,2058015,D. Alli,England,MID,0,1
14812,2058015,I. Perišić,Croatia,MID,1,9
14943,2058015,M. Mandžukić,Croatia,FWD,0,1
69409,2058015,Š. Vrsaljko,Croatia,DEF,1,8
69616,2058015,A. Rebić,Croatia,FWD,0,8
69964,2058015,J. Pivarić,Croatia,DEF,0,3
69968,2058015,M. Brozović,Croatia,MID,0,1
105361,2058015,I. Strinić,Croatia,DEF,0,6
397178,2058015,M. Rashford,England,FWD,0,4
36,2058016,T. Alderweireld,Belgium,DEF,0,1
122,2058016,D. Mertens,Belgium,FWD,0,2
261,2058016,N. Chadli,Belgium,MID,1,2
7918,2058016,P. Jones,England,DEF,0,2
7934,2058016,J. Lingard,England,MID,0,3
8464,2058016,F. Delph,England,MID,0,2
8945,2058016,K. Trippier,England,DEF,0,6
11066,2058016,R. Sterling,England,FWD,0,1
25707,2058016,E. Hazard,Belgium,FWD,0,1
37824,2058016,T. Meunier,Belgium,DEF,0,4
38021,2058016,K. De Bruyne,Belgium,MID,1,2
235555,2058016,R. Loftus-Cheek,England,MID,0,1
263802,2058016,Y. Tielemans,Belgium,MID,0,1
397178,2058016,M. Rashford,England,FWD,0,1
3476,2058017,I. Rakitić,Croatia,MID,0,3
8287,2058017,L. Modrić,Croatia,MID,0,1
14812,2058017,I. Perišić,Croatia,MID,0,9
14943,2058017,M. Mandžukić,Croatia,FWD,0,1
25393,2058017,D. Lovren,Croatia,DEF,0,1
25437,2058017,B. Matuidi,France,MID,0,1
69396,2058017,D. Vida,Croatia,DEF,1,0
69409,2058017,Š. Vrsaljko,Croatia,DEF,0,6
69616,2058017,A. Rebić,Croatia,FWD,0,2
105361,2058017,I. Strinić,Croatia,DEF,0,2
353833,2058017,K. Mbappé,France,FWD,0,1
