player_id,match_id,name,team,pos
4513,2057954,D. Cheryshev,Russia,MID
41123,2057954,Mário Fernandes,Russia,DEF
101576,2057954,I. Akinfeev,Russia,GKP
101583,2057954,S. Ignashevich,Russia,DEF
101590,2057954,A. Dzagoev,Russia,MID
101669,2057954,A. Dzyuba,Russia,FWD
101699,2057954,A. Samedov,Russia,MID
101707,2057954,F. Smolov,Russia,FWD
101857,2057954,Y. Zhirkov,Russia,MID
102157,2057954,Y. Gazinskiy,Russia,MID
103668,2057954,I. Kutepov,Russia,DEF
103682,2057954,R. Zobnin,Russia,MID
122561,2057954,Abdullah Al Mayouf,Saudi Arabia,GKP
122577,2057954,Taisir Al Jassim,Saudi Arabia,MID
122615,2057954,Hattan Bahbir,Saudi Arabia,MID
122623,2057954,Fahad Al Muwallad,Saudi Arabia,FWD
122651,2057954,Omar Hawsawi,Saudi Arabia,DEF
122671,2057954,Mohammad Al Sahlawi,Saudi Arabia,FWD
122749,2057954,Muhannad Asiri,Saudi Arabia,FWD
122832,2057954,Salem Al Dawsari,Saudi Arabia,MID
122839,2057954,Osama Hawsawi,Saudi Arabia,DEF
122847,2057954,Salman Al Faraj,Saudi Arabia,MID
122888,2057954,Yahya Al Shehri,Saudi Arabia,MID
122940,2057954,Yasir Al Shahrani,Saudi Arabia,DEF
139393,2057954,Abdullah Otayf,Saudi Arabia,MID
220971,2057954,D. Kuzyaev,Russia,MID
257800,2057954,A. Golovin,Russia,MID
292954,2057954,Mohammed Al Burayk,Saudi Arabia,DEF
3433,2057955,D. Godín,Uruguay,DEF
7972,2057955,L. Suárez,Uruguay,FWD
11270,2057955,S. Morsy,Egypt,MID
20460,2057955,M. Cáceres,Uruguay,DEF
21174,2057955,E. Cavani,Uruguay,FWD
32641,2057955,F. Muslera,Uruguay,GKP
70095,2057955,C. Rodríguez,Uruguay,MID
86340,2057955,C. Sánchez,Uruguay,MID
116166,2057955,G. Varela,Uruguay,DEF
116349,2057955,M. Vecino,Uruguay,MID
119932,2057955,Mahmoud Kahraba,Egypt,MID
119951,2057955,Ahmed Hegazy,Egypt,DEF
119975,2057955,Mohamed Abdel-Shafi,Egypt,DEF
120000,2057955,Mohamed El Shenawy,Egypt,GKP
120156,2057955,Ahmed Fathy,Egypt,DEF
120167,2057955,Abdallah Said,Egypt,MID
120225,2057955,Marwan Mohsen,Egypt,FWD
120339,2057955,Mohamed Elneny,Egypt,MID
198120,2057955,Ali Gabr,Egypt,DEF
213364,2057955,G. De Arrascaeta,Uruguay,MID
220112,2057955,Trézéguet,Egypt,MID
227894,2057955,J. Giménez,Uruguay,DEF
299618,2057955,N. Nández,Uruguay,MID
332605,2057955,Ramadan Sobhi,Egypt,MID
333571,2057955,L. Torreira,Uruguay,MID
361807,2057955,R. Bentancur,Uruguay,MID
388928,2057955,Amr Warda,Egypt,MID
437417,2057955,Tarek Hamed,Egypt,MID
4513,2057956,D. Cheryshev,Russia,MID
41123,2057956,Mário Fernandes,Russia,DEF
101576,2057956,I. Akinfeev,Russia,GKP
101583,2057956,S. Ignashevich,Russia,DEF
101647,2057956,F. Kudryashov,Russia,DEF
101669,2057956,A. Dzyuba,Russia,FWD
101699,2057956,A. Samedov,Russia,MID
101707,2057956,F. Smolov,Russia,FWD
101857,2057956,Y. Zhirkov,Russia,MID
102157,2057956,Y. Gazinskiy,Russia,MID
103668,2057956,I. Kutepov,Russia,DEF
103682,2057956,R. Zobnin,Russia,MID
119932,2057956,Mahmoud Kahraba,Egypt,MID
119951,2057956,Ahmed Hegazy,Egypt,DEF
119975,2057956,Mohamed Abdel-Shafi,Egypt,DEF
120000,2057956,Mohamed El Shenawy,Egypt,GKP
120156,2057956,Ahmed Fathy,Egypt,DEF
120167,2057956,Abdallah Said,Egypt,MID
120225,2057956,Marwan Mohsen,Egypt,FWD
120339,2057956,Mohamed Elneny,Egypt,MID
120353,2057956,Mohamed Salah,Egypt,FWD
198120,2057956,Ali Gabr,Egypt,DEF
220112,2057956,Trézéguet,Egypt,MID
220971,2057956,D. Kuzyaev,Russia,MID
257800,2057956,A. Golovin,Russia,MID
332605,2057956,Ramadan Sobhi,Egypt,MID
388928,2057956,Amr Warda,Egypt,MID
437417,2057956,Tarek Hamed,Egypt,MID
3433,2057957,D. Godín,Uruguay,DEF
7972,2057957,L. Suárez,Uruguay,FWD
20460,2057957,M. Cáceres,Uruguay,DEF
21174,2057957,E. Cavani,Uruguay,FWD
32641,2057957,F. Muslera,Uruguay,GKP
70095,2057957,C. Rodríguez,Uruguay,MID
86340,2057957,C. Sánchez,Uruguay,MID
116166,2057957,G. Varela,Uruguay,DEF
116269,2057957,D. Laxalt,Uruguay,MID
116349,2057957,M. Vecino,Uruguay,MID
122577,2057957,Taisir Al Jassim,Saudi Arabia,MID
122615,2057957,Hattan Bahbir,Saudi Arabia,MID
122623,2057957,Fahad Al Muwallad,Saudi Arabia,FWD
122671,2057957,Mohammad Al Sahlawi,Saudi Arabia,FWD
122832,2057957,Salem Al Dawsari,Saudi Arabia,MID
122839,2057957,Osama Hawsawi,Saudi Arabia,DEF
122847,2057957,Salman Al Faraj,Saudi Arabia,MID
122918,2057957,Hussain Al Mogahwi,Saudi Arabia,MID
122940,2057957,Yasir Al Shahrani,Saudi Arabia,DEF
139393,2057957,Abdullah Otayf,Saudi Arabia,MID
227894,2057957,J. Giménez,Uruguay,DEF
248328,2057957,Mohammed Al Owais,Saudi Arabia,GKP
284147,2057957,Mohammed Kanno,Saudi Arabia,MID
292954,2057957,Mohammed Al Burayk,Saudi Arabia,DEF
299618,2057957,N. Nández,Uruguay,MID
333571,2057957,L. Torreira,Uruguay,MID
361807,2057957,R. Bentancur,Uruguay,MID
398219,2057957,Ali Al Bulayhi,Saudi Arabia,DEF
3433,2057958,D. Godín,Uruguay,DEF
4513,2057958,D. Cheryshev,Russia,MID
7954,2057958,S. Coates,Uruguay,DEF
7972,2057958,L. Suárez,Uruguay,FWD
20460,2057958,M. Cáceres,Uruguay,DEF
21174,2057958,E. Cavani,Uruguay,FWD
32641,2057958,F. Muslera,Uruguay,GKP
41123,2057958,Mário Fernandes,Russia,DEF
70095,2057958,C. Rodríguez,Uruguay,MID
101576,2057958,I. Akinfeev,Russia,GKP
101583,2057958,S. Ignashevich,Russia,DEF
101647,2057958,F. Kudryashov,Russia,DEF
101669,2057958,A. Dzyuba,Russia,FWD
101699,2057958,A. Samedov,Russia,MID
101707,2057958,F. Smolov,Russia,FWD
101825,2057958,I. Smolnikov,Russia,DEF
102157,2057958,Y. Gazinskiy,Russia,MID
103668,2057958,I. Kutepov,Russia,DEF
103682,2057958,R. Zobnin,Russia,MID
116269,2057958,D. Laxalt,Uruguay,MID
116349,2057958,M. Vecino,Uruguay,MID
213364,2057958,G. De Arrascaeta,Uruguay,MID
220971,2057958,D. Kuzyaev,Russia,MID
262048,2057958,Al. Miranchuk,Russia,MID
299618,2057958,N. Nández,Uruguay,MID
333571,2057958,L. Torreira,Uruguay,MID
361807,2057958,R. Bentancur,Uruguay,MID
395636,2057958,Maxi Gómez,Uruguay,FWD
119932,2057959,Mahmoud Kahraba,Egypt,MID
119951,2057959,Ahmed Hegazy,Egypt,DEF
119975,2057959,Mohamed Abdel-Shafi,Egypt,DEF
120156,2057959,Ahmed Fathy,Egypt,DEF
120167,2057959,Abdallah Said,Egypt,MID
120225,2057959,Marwan Mohsen,Egypt,FWD
120269,2057959,Essam El Hadary,Egypt,GKP
120339,2057959,Mohamed Elneny,Egypt,MID
120353,2057959,Mohamed Salah,Egypt,FWD
122562,2057959,Yasser Al Mosailem,Saudi Arabia,GKP
122615,2057959,Hattan Bahbir,Saudi Arabia,MID
122623,2057959,Fahad Al Muwallad,Saudi Arabia,FWD
122749,2057959,Muhannad Asiri,Saudi Arabia,FWD
122832,2057959,Salem Al Dawsari,Saudi Arabia,MID
122839,2057959,Osama Hawsawi,Saudi Arabia,DEF
122847,2057959,Salman Al Faraj,Saudi Arabia,MID
122888,2057959,Yahya Al Shehri,Saudi Arabia,MID
122918,2057959,Hussain Al Mogahwi,Saudi Arabia,MID
122940,2057959,Yasir Al Shahrani,Saudi Arabia,DEF
139391,2057959,Motaz Hawsawi,Saudi Arabia,DEF
139393,2057959,Abdullah Otayf,Saudi Arabia,MID
198120,2057959,Ali Gabr,Egypt,DEF
220112,2057959,Trézéguet,Egypt,MID
292954,2057959,Mohammed Al Burayk,Saudi Arabia,DEF
332605,2057959,Ramadan Sobhi,Egypt,MID
388928,2057959,Amr Warda,Egypt,MID
437417,2057959,Tarek Hamed,Egypt,MID
3269,2057960,Jordi Alba,Spain,DEF
3304,2057960,Nacho,Spain,DEF
3305,2057960,Pepe,Portugal,DEF
3306,2057960,Sergio Ramos,Spain,DEF
3322,2057960,Cristiano Ronaldo,Portugal,FWD
3341,2057960,Piqué,Spain,DEF
3345,2057960,Thiago Alcântara,Spain,MID
3346,2057960,Sergio Busquets,Spain,MID
3353,2057960,Iniesta,Spain,MID
3443,2057960,Koke,Spain,MID
3563,2057960,Isco,Spain,MID
3840,2057960,Iago Aspas,Spain,FWD
4338,2057960,Diego Costa,Spain,FWD
4498,2057960,Lucas Vázquez,Spain,FWD
7910,2057960,David de Gea,Spain,GKP
8126,2057960,José Fonte,Portugal,DEF
8317,2057960,David Silva,Spain,MID
28907,2057960,Raphaël Guerreiro,Portugal,DEF
32597,2057960,Ricardo Quaresma,Portugal,FWD
37762,2057960,William Carvalho,Portugal,MID
70093,2057960,João Moutinho,Portugal,MID
70134,2057960,Rui Patrício,Portugal,GKP
70389,2057960,Cédric Soares,Portugal,DEF
70403,2057960,Adrien Silva,Portugal,MID
70965,2057960,João Mário,Portugal,MID
237034,2057960,Gonçalo Guedes,Portugal,FWD
243588,2057960,Bruno Fernandes,Portugal,MID
265673,2057960,Bernardo Silva,Portugal,MID
142,2057961,K. El Ahmadi,Morocco,MID
3509,2057961,M. Shojaei,Iran,MID
6509,2057961,Munir,Morocco,GKP
20579,2057961,M. Benatia,Morocco,DEF
25998,2057961,Y. Belhanda,Morocco,MID
26226,2057961,R. Saïss,Morocco,MID
32968,2057961,N. Amrabat,Morocco,FWD
53562,2057961,S. Ghoddos,Iran,FWD
78991,2057961,O. Ebrahimi,Iran,MID
79006,2057961,S. Azmoun,Iran,FWD
79098,2057961,R. Rezaeian,Iran,DEF
79149,2057961,K. Ansarifard,Iran,FWD
79248,2057961,E. Hajsafi,Iran,DEF
79320,2057961,M. Taremi,Iran,FWD
79381,2057961,A. Jahanbakhsh,Iran,FWD
79449,2057961,M. Pouraliganji,Iran,DEF
101620,2057961,M. da Costa,Morocco,DEF
101846,2057961,M. Boussoufa,Morocco,MID
221039,2057961,H. Ziyech,Morocco,MID
237836,2057961,V. Amiri,Iran,MID
238031,2057961,A. Beiranvand,Iran,GKP
272829,2057961,R. Cheshmi,Iran,DEF
285538,2057961,M. Hosseini,Iran,DEF
285590,2057961,S. Amrabat,Morocco,MID
372915,2057961,A. Harit,Morocco,MID
396475,2057961,A. Hakimi,Morocco,DEF
552555,2057961,A. El Kaabi,Morocco,FWD
142,2057962,K. El Ahmadi,Morocco,MID
3305,2057962,Pepe,Portugal,DEF
3322,2057962,Cristiano Ronaldo,Portugal,FWD
6509,2057962,Munir,Morocco,GKP
8126,2057962,José Fonte,Portugal,DEF
20579,2057962,M. Benatia,Morocco,DEF
25888,2057962,F. Fajr,Morocco,MID
25998,2057962,Y. Belhanda,Morocco,MID
28907,2057962,Raphaël Guerreiro,Portugal,DEF
29625,2057962,K. Boutaïb,Morocco,FWD
32968,2057962,N. Amrabat,Morocco,FWD
37762,2057962,William Carvalho,Portugal,MID
70093,2057962,João Moutinho,Portugal,MID
70134,2057962,Rui Patrício,Portugal,GKP
70389,2057962,Cédric Soares,Portugal,DEF
70403,2057962,Adrien Silva,Portugal,MID
70965,2057962,João Mário,Portugal,MID
101620,2057962,M. da Costa,Morocco,DEF
101846,2057962,M. Boussoufa,Morocco,MID
101847,2057962,M. Carcela-González,Morocco,MID
149074,2057962,N. Dirar,Morocco,MID
221039,2057962,H. Ziyech,Morocco,MID
227059,2057962,Gelson Martins,Portugal,FWD
237034,2057962,Gonçalo Guedes,Portugal,FWD
243588,2057962,Bruno Fernandes,Portugal,MID
265673,2057962,Bernardo Silva,Portugal,MID
396475,2057962,A. Hakimi,Morocco,DEF
552555,2057962,A. El Kaabi,Morocco,FWD
3269,2057963,Jordi Alba,Spain,DEF
3306,2057963,Sergio Ramos,Spain,DEF
3341,2057963,Piqué,Spain,DEF
3346,2057963,Sergio Busquets,Spain,MID
3353,2057963,Iniesta,Spain,MID
3443,2057963,Koke,Spain,MID
3563,2057963,Isco,Spain,MID
4338,2057963,Diego Costa,Spain,FWD
4498,2057963,Lucas Vázquez,Spain,FWD
4501,2057963,Daniel Carvajal,Spain,DEF
7910,2057963,David de Gea,Spain,GKP
8317,2057963,David Silva,Spain,MID
53562,2057963,S. Ghoddos,Iran,FWD
70129,2057963,Rodrigo,Spain,FWD
78991,2057963,O. Ebrahimi,Iran,MID
79006,2057963,S. Azmoun,Iran,FWD
79098,2057963,R. Rezaeian,Iran,DEF
79149,2057963,K. Ansarifard,Iran,FWD
79248,2057963,E. Hajsafi,Iran,DEF
79320,2057963,M. Taremi,Iran,FWD
79381,2057963,A. Jahanbakhsh,Iran,FWD
79449,2057963,M. Pouraliganji,Iran,DEF
237836,2057963,V. Amiri,Iran,MID
238031,2057963,A. Beiranvand,Iran,GKP
241647,2057963,S. Ezatolahi,Iran,MID
285538,2057963,M. Hosseini,Iran,DEF
288091,2057963,Marco Asensio,Spain,MID
333803,2057963,M. Mohammadi,Iran,DEF
3305,2057964,Pepe,Portugal,DEF
3322,2057964,Cristiano Ronaldo,Portugal,FWD
8126,2057964,José Fonte,Portugal,DEF
28907,2057964,Raphaël Guerreiro,Portugal,DEF
32597,2057964,Ricardo Quaresma,Portugal,FWD
37762,2057964,William Carvalho,Portugal,MID
53562,2057964,S. Ghoddos,Iran,FWD
70093,2057964,João Moutinho,Portugal,MID
70134,2057964,Rui Patrício,Portugal,GKP
70389,2057964,Cédric Soares,Portugal,DEF
70403,2057964,Adrien Silva,Portugal,MID
70965,2057964,João Mário,Portugal,MID
78991,2057964,O. Ebrahimi,Iran,MID
79006,2057964,S. Azmoun,Iran,FWD
79098,2057964,R. Rezaeian,Iran,DEF
79149,2057964,K. Ansarifard,Iran,FWD
79248,2057964,E. Hajsafi,Iran,DEF
79320,2057964,M. Taremi,Iran,FWD
79381,2057964,A. Jahanbakhsh,Iran,FWD
79449,2057964,M. Pouraliganji,Iran,DEF
135927,2057964,André Silva,Portugal,FWD
237034,2057964,Gonçalo Guedes,Portugal,FWD
237836,2057964,V. Amiri,Iran,MID
238031,2057964,A. Beiranvand,Iran,GKP
241647,2057964,S. Ezatolahi,Iran,MID
265673,2057964,Bernardo Silva,Portugal,MID
285538,2057964,M. Hosseini,Iran,DEF
333803,2057964,M. Mohammadi,Iran,DEF
142,2057965,K. El Ahmadi,Morocco,MID
3269,2057965,Jordi Alba,Spain,DEF
3306,2057965,Sergio Ramos,Spain,DEF
3341,2057965,Piqué,Spain,DEF
3345,2057965,Thiago Alcântara,Spain,MID
3346,2057965,Sergio Busquets,Spain,MID
3353,2057965,Iniesta,Spain,MID
3563,2057965,Isco,Spain,MID
3840,2057965,Iago Aspas,Spain,FWD
4338,2057965,Diego Costa,Spain,FWD
4501,2057965,Daniel Carvajal,Spain,DEF
6509,2057965,Munir,Morocco,GKP
7910,2057965,David de Gea,Spain,GKP
8317,2057965,David Silva,Spain,MID
25888,2057965,F. Fajr,Morocco,MID
25998,2057965,Y. Belhanda,Morocco,MID
26226,2057965,R. Saïss,Morocco,MID
29625,2057965,K. Boutaïb,Morocco,FWD
32968,2057965,N. Amrabat,Morocco,FWD
70129,2057965,Rodrigo,Spain,FWD
101620,2057965,M. da Costa,Morocco,DEF
101846,2057965,M. Boussoufa,Morocco,MID
149074,2057965,N. Dirar,Morocco,MID
221039,2057965,H. Ziyech,Morocco,MID
288091,2057965,Marco Asensio,Spain,MID
396475,2057965,A. Hakimi,Morocco,DEF
447821,2057965,Y. En-Nesyri,Morocco,FWD
54,2057967,C. Eriksen,Denmark,MID
405,2057967,L. Schöne,Denmark,MID
8480,2057967,K. Schmeichel,Denmark,GKP
14872,2057967,J. Farfán,Peru,FWD
14909,2057967,P. Guerrero,Peru,FWD
15080,2057967,N. Jørgensen,Denmark,FWD
20433,2057967,S. Kjær,Denmark,DEF
55968,2057967,M. Braithwaite,Denmark,FWD
55979,2057967,M. Jørgensen,Denmark,DEF
55990,2057967,T. Delaney,Denmark,MID
56026,2057967,J. Stryger Larsen,Denmark,DEF
56274,2057967,Y. Poulsen,Denmark,FWD
56394,2057967,H. Dalsgaard,Denmark,DEF
70156,2057967,A. Carrillo,Peru,MID
89571,2057967,R. Ruidíaz,Peru,FWD
114617,2057967,C. Ramos,Peru,DEF
114709,2057967,L. Advíncula,Peru,DEF
114723,2057967,Y. Yotún,Peru,MID
114762,2057967,É. Flores,Peru,MID
114798,2057967,P. Gallese,Peru,GKP
114813,2057967,C. Cueva,Peru,MID
115146,2057967,M. Trauco,Peru,DEF
135103,2057967,A. Christensen,Denmark,DEF
139075,2057967,R. Tapia,Peru,MID
139078,2057967,P. Aquino,Peru,MID
241945,2057967,P. Sisto,Denmark,MID
3309,2057968,R. Varane,France,DEF
3682,2057968,A. Griezmann,France,FWD
7936,2057968,P. Pogba,France,MID
8200,2057968,S. N'Zonzi,France,MID
14872,2057968,J. Farfán,Peru,FWD
14909,2057968,P. Guerrero,Peru,FWD
25381,2057968,H. Lloris,France,GKP
25397,2057968,S. Umtiti,France,DEF
25437,2057968,B. Matuidi,France,MID
26010,2057968,O. Giroud,France,FWD
28115,2057968,N. Fekir,France,MID
31528,2057968,N. Kanté,France,MID
70156,2057968,A. Carrillo,Peru,MID
89571,2057968,R. Ruidíaz,Peru,FWD
114617,2057968,C. Ramos,Peru,DEF
114709,2057968,L. Advíncula,Peru,DEF
114723,2057968,Y. Yotún,Peru,MID
114762,2057968,É. Flores,Peru,MID
114798,2057968,P. Gallese,Peru,GKP
114813,2057968,C. Cueva,Peru,MID
115146,2057968,M. Trauco,Peru,DEF
115353,2057968,A. Santamaría,Peru,DEF
139078,2057968,P. Aquino,Peru,MID
279545,2057968,L. Hernández,France,DEF
286390,2057968,O. Dembélé,France,FWD
340646,2057968,B. Pavard,France,DEF
353833,2057968,K. Mbappé,France,FWD
54,2057970,C. Eriksen,Denmark,MID
1722,2057970,V. Fischer,Denmark,FWD
3309,2057970,R. Varane,France,DEF
3682,2057970,A. Griezmann,France,FWD
8200,2057970,S. N'Zonzi,France,MID
8480,2057970,K. Schmeichel,Denmark,GKP
20433,2057970,S. Kjær,Denmark,DEF
25552,2057970,S. Mandanda,France,GKP
26010,2057970,O. Giroud,France,FWD
26136,2057970,B. Mendy,France,DEF
26196,2057970,D. Sidibé,France,DEF
28115,2057970,N. Fekir,France,MID
28922,2057970,T. Lemar,France,MID
31528,2057970,N. Kanté,France,MID
55968,2057970,M. Braithwaite,Denmark,FWD
55979,2057970,M. Jørgensen,Denmark,DEF
55990,2057970,T. Delaney,Denmark,MID
56026,2057970,J. Stryger Larsen,Denmark,DEF
56394,2057970,H. Dalsgaard,Denmark,DEF
135103,2057970,A. Christensen,Denmark,DEF
135150,2057970,A. Cornelius,Denmark,FWD
231138,2057970,P. Kimpembe,France,DEF
241945,2057970,P. Sisto,Denmark,MID
279545,2057970,L. Hernández,France,DEF
281254,2057970,K. Dolberg,Denmark,FWD
286390,2057970,O. Dembélé,France,FWD
353833,2057970,K. Mbappé,France,FWD
93,2057972,J. Guðmunds­son,Iceland,MID
3280,2057972,É. Banega,Argentina,MID
3314,2057972,Á. di María,Argentina,MID
3323,2057972,G. Higuaín,Argentina,FWD
3355,2057972,J. Mascherano,Argentina,DEF
3359,2057972,L. Messi,Argentina,FWD
3445,2057972,E. Salvio,Argentina,MID
3551,2057972,W. Caballero,Argentina,GKP
8325,2057972,S. Agüero,Argentina,FWD
21314,2057972,E. Hallfreðsson,Iceland,MID
37732,2057972,L. Biglia,Argentina,MID
37948,2057972,A. Finnbogason,Iceland,FWD
38084,2057972,B. Bjarnason,Iceland,MID
51127,2057972,A. Skúlason,Iceland,DEF
54451,2057972,B. Sævarsson,Iceland,DEF
54495,2057972,B. Sigurðarson,Iceland,FWD
55983,2057972,R. Sigurðsson,Iceland,DEF
56146,2057972,R. Gíslason,Iceland,FWD
57226,2057972,H. Halldórsson,Iceland,GKP
62221,2057972,K. Árnason,Iceland,DEF
70086,2057972,N. Otamendi,Argentina,DEF
77521,2057972,A. Gunnarsson,Iceland,MID
77558,2057972,G. Sigurðsson,Iceland,MID
86722,2057972,N. Tagliafico,Argentina,DEF
135207,2057972,H. Magnússon,Iceland,DEF
146459,2057972,M. Meza,Argentina,MID
285396,2057972,C. Pavón,Argentina,FWD
3476,2057973,I. Rakitić,Croatia,MID
5295,2057973,O. Ighalo,Nigeria,FWD
7898,2057973,J. Obi Mikel,Nigeria,MID
8287,2057973,L. Modrić,Croatia,MID
8625,2057973,V. Moses,Nigeria,MID
11093,2057973,W. Troost-Ekong,Nigeria,DEF
14812,2057973,I. Perišić,Croatia,MID
14943,2057973,M. Mandžukić,Croatia,FWD
16443,2057973,L. Balogun,Nigeria,DEF
25393,2057973,D. Lovren,Croatia,DEF
69396,2057973,D. Vida,Croatia,DEF
69404,2057973,M. Kovačić,Croatia,MID
69409,2057973,Š. Vrsaljko,Croatia,DEF
69411,2057973,A. Kramarić,Croatia,FWD
69616,2057973,A. Rebić,Croatia,FWD
69968,2057973,M. Brozović,Croatia,MID
72397,2057973,Simy,Nigeria,FWD
101606,2057973,A. Musa,Nigeria,FWD
105361,2057973,I. Strinić,Croatia,DEF
135747,2057973,D. Subašić,Croatia,GKP
135810,2057973,M. Pjaca,Croatia,FWD
209792,2057973,B. Idowu,Nigeria,DEF
230020,2057973,A. Iwobi,Nigeria,MID
265366,2057973,W. Ndidi,Nigeria,MID
265368,2057973,A. Shehu,Nigeria,DEF
285491,2057973,F. Uzoho,Nigeria,GKP
285508,2057973,K. Iheanacho,Nigeria,FWD
424624,2057973,O. Etebo,Nigeria,FWD
3323,2057974,G. Higuaín,Argentina,FWD
3355,2057974,J. Mascherano,Argentina,DEF
3359,2057974,L. Messi,Argentina,FWD
3445,2057974,E. Salvio,Argentina,MID
3476,2057974,I. Rakitić,Croatia,MID
3551,2057974,W. Caballero,Argentina,GKP
8287,2057974,L. Modrić,Croatia,MID
8325,2057974,S. Agüero,Argentina,FWD
14771,2057974,V. Ćorluka,Croatia,DEF
14812,2057974,I. Perišić,Croatia,MID
14943,2057974,M. Mandžukić,Croatia,FWD
25393,2057974,D. Lovren,Croatia,DEF
69396,2057974,D. Vida,Croatia,DEF
69404,2057974,M. Kovačić,Croatia,MID
69409,2057974,Š. Vrsaljko,Croatia,DEF
69411,2057974,A. Kramarić,Croatia,FWD
69616,2057974,A. Rebić,Croatia,FWD
69968,2057974,M. Brozović,Croatia,MID
70086,2057974,N. Otamendi,Argentina,DEF
86220,2057974,G. Mercado,Argentina,DEF
86234,2057974,E. Pérez,Argentina,MID
86722,2057974,N. Tagliafico,Argentina,DEF
89073,2057974,M. Acuña,Argentina,MID
89186,2057974,P. Dybala,Argentina,FWD
105361,2057974,I. Strinić,Croatia,DEF
135747,2057974,D. Subašić,Croatia,GKP
146459,2057974,M. Meza,Argentina,MID
285396,2057974,C. Pavón,Argentina,FWD
12,2057975,K. Omeruo,Nigeria,DEF
5295,2057975,O. Ighalo,Nigeria,FWD
7898,2057975,J. Obi Mikel,Nigeria,MID
8625,2057975,V. Moses,Nigeria,MID
11093,2057975,W. Troost-Ekong,Nigeria,DEF
16443,2057975,L. Balogun,Nigeria,DEF
37948,2057975,A. Finnbogason,Iceland,FWD
38084,2057975,B. Bjarnason,Iceland,MID
51127,2057975,A. Skúlason,Iceland,DEF
54451,2057975,B. Sævarsson,Iceland,DEF
54495,2057975,B. Sigurðarson,Iceland,FWD
55983,2057975,R. Sigurðsson,Iceland,DEF
56146,2057975,R. Gíslason,Iceland,FWD
57226,2057975,H. Halldórsson,Iceland,GKP
57347,2057975,S. Ingason,Iceland,DEF
58105,2057975,J. Böðvarsson,Iceland,FWD
62221,2057975,K. Árnason,Iceland,DEF
77521,2057975,A. Gunnarsson,Iceland,MID
77558,2057975,G. Sigurðsson,Iceland,MID
101606,2057975,A. Musa,Nigeria,FWD
135207,2057975,H. Magnússon,Iceland,DEF
209792,2057975,B. Idowu,Nigeria,DEF
230020,2057975,A. Iwobi,Nigeria,MID
265366,2057975,W. Ndidi,Nigeria,MID
285491,2057975,F. Uzoho,Nigeria,GKP
285508,2057975,K. Iheanacho,Nigeria,FWD
332821,2057975,T. Ebuehi,Nigeria,DEF
424624,2057975,O. Etebo,Nigeria,FWD
12,2057976,K. Omeruo,Nigeria,DEF
3280,2057976,É. Banega,Argentina,MID
3314,2057976,Á. di María,Argentina,MID
3323,2057976,G. Higuaín,Argentina,FWD
3355,2057976,J. Mascherano,Argentina,DEF
3359,2057976,L. Messi,Argentina,FWD
5295,2057976,O. Ighalo,Nigeria,FWD
7898,2057976,J. Obi Mikel,Nigeria,MID
8325,2057976,S. Agüero,Argentina,FWD
8625,2057976,V. Moses,Nigeria,MID
11093,2057976,W. Troost-Ekong,Nigeria,DEF
16443,2057976,L. Balogun,Nigeria,DEF
70086,2057976,N. Otamendi,Argentina,DEF
72397,2057976,Simy,Nigeria,FWD
86220,2057976,G. Mercado,Argentina,DEF
86234,2057976,E. Pérez,Argentina,MID
86722,2057976,N. Tagliafico,Argentina,DEF
90991,2057976,F. Armani,Argentina,GKP
101606,2057976,A. Musa,Nigeria,FWD
146459,2057976,M. Meza,Argentina,MID
209792,2057976,B. Idowu,Nigeria,DEF
230020,2057976,A. Iwobi,Nigeria,MID
265366,2057976,W. Ndidi,Nigeria,MID
285396,2057976,C. Pavón,Argentina,FWD
285491,2057976,F. Uzoho,Nigeria,GKP
285508,2057976,K. Iheanacho,Nigeria,FWD
424624,2057976,O. Etebo,Nigeria,FWD
93,2057977,J. Guðmunds­son,Iceland,MID
3476,2057977,I. Rakitić,Croatia,MID
8287,2057977,L. Modrić,Croatia,MID
14771,2057977,V. Ćorluka,Croatia,DEF
14812,2057977,I. Perišić,Croatia,MID
21314,2057977,E. Hallfreðsson,Iceland,MID
25393,2057977,D. Lovren,Croatia,DEF
37948,2057977,A. Finnbogason,Iceland,FWD
38084,2057977,B. Bjarnason,Iceland,MID
54451,2057977,B. Sævarsson,Iceland,DEF
54495,2057977,B. Sigurðarson,Iceland,FWD
55983,2057977,R. Sigurðsson,Iceland,DEF
57226,2057977,H. Halldórsson,Iceland,GKP
57347,2057977,S. Ingason,Iceland,DEF
57480,2057977,A. Traustason,Iceland,MID
69353,2057977,L. Kalinić,Croatia,GKP
69400,2057977,M. Badelj,Croatia,MID
69404,2057977,M. Kovačić,Croatia,MID
69411,2057977,A. Kramarić,Croatia,FWD
69964,2057977,J. Pivarić,Croatia,DEF
77521,2057977,A. Gunnarsson,Iceland,MID
77558,2057977,G. Sigurðsson,Iceland,MID
135207,2057977,H. Magnússon,Iceland,DEF
135810,2057977,M. Pjaca,Croatia,FWD
212604,2057977,T. Jedvaj,Croatia,DEF
216568,2057977,A. Gudmundsson,Iceland,FWD
230626,2057977,D. Ćaleta-Car,Croatia,DEF
231713,2057977,F. Bradarić,Croatia,MID
3310,2057978,Marcelo,Brazil,DEF
3431,2057978,João Miranda,Brazil,DEF
3802,2057978,Philippe Coutinho,Brazil,FWD
14785,2057978,Renato Augusto,Brazil,MID
14922,2057978,R. Rodríguez,Switzerland,DEF
15808,2057978,Roberto Firmino,Brazil,FWD
20394,2057978,Thiago Silva,Brazil,DEF
20465,2057978,S. Lichtsteiner,Switzerland,DEF
20766,2057978,H. Seferović,Switzerland,FWD
20938,2057978,V. Behrami,Switzerland,MID
21169,2057978,B. Džemaili,Switzerland,MID
40550,2057978,Paulinho,Brazil,MID
40756,2057978,Casemiro,Brazil,MID
40810,2057978,Neymar,Brazil,FWD
49855,2057978,Y. Sommer,Switzerland,GKP
49872,2057978,X. Shaqiri,Switzerland,MID
49876,2057978,G. Xhaka,Switzerland,MID
49977,2057978,M. Lang,Switzerland,DEF
49997,2057978,S. Zuber,Switzerland,MID
50102,2057978,F. Schär,Switzerland,DEF
70083,2057978,Danilo,Brazil,DEF
105333,2057978,Willian,Brazil,MID
105339,2057978,Fernandinho,Brazil,MID
214220,2057978,Alisson,Brazil,GKP
282772,2057978,B. Embolo,Switzerland,FWD
297957,2057978,M. Akanji,Switzerland,DEF
340386,2057978,Gabriel Jesus,Brazil,FWD
360992,2057978,D. Zakaria,Switzerland,MID
383,2057979,D. Tadić,Serbia,MID
3915,2057979,K. Navas,Costa Rica,GKP
7891,2057979,B. Ivanović,Serbia,DEF
8306,2057979,A. Kolarov,Serbia,DEF
11155,2057979,B. Ruiz,Costa Rica,MID
15214,2057979,A. Rukavina,Serbia,DEF
20941,2057979,A. Ljajić,Serbia,FWD
26038,2057979,J. Campbell,Costa Rica,FWD
50411,2057979,A. Prijović,Serbia,FWD
51004,2057979,C. Borges,Costa Rica,MID
55977,2057979,C. Gamboa,Costa Rica,DEF
55988,2057979,C. Bolaños,Costa Rica,MID
70122,2057979,N. Matić,Serbia,MID
101796,2057979,M. Ureña,Costa Rica,FWD
125250,2057979,Ó. Duarte,Costa Rica,DEF
125260,2057979,D. Guzmán,Costa Rica,MID
125273,2057979,D. Colindres,Costa Rica,FWD
125284,2057979,J. Acosta,Costa Rica,DEF
125286,2057979,G. González,Costa Rica,DEF
125452,2057979,J. Venegas,Costa Rica,MID
125512,2057979,F. Calvo,Costa Rica,DEF
127530,2057979,D. Tošić,Serbia,DEF
127537,2057979,L. Milivojević,Serbia,MID
127671,2057979,V. Stojković,Serbia,GKP
127796,2057979,F. Kostić,Serbia,MID
128214,2057979,A. Mitrović,Serbia,FWD
265865,2057979,S. Milinković-Savić,Serbia,MID
424241,2057979,N. Milenković,Serbia,DEF
3310,2057980,Marcelo,Brazil,DEF
3431,2057980,João Miranda,Brazil,DEF
3802,2057980,Philippe Coutinho,Brazil,FWD
3915,2057980,K. Navas,Costa Rica,GKP
11155,2057980,B. Ruiz,Costa Rica,MID
15808,2057980,Roberto Firmino,Brazil,FWD
20394,2057980,Thiago Silva,Brazil,DEF
40550,2057980,Paulinho,Brazil,MID
40707,2057980,Fágner,Brazil,DEF
40756,2057980,Casemiro,Brazil,MID
40810,2057980,Neymar,Brazil,FWD
51004,2057980,C. Borges,Costa Rica,MID
55977,2057980,C. Gamboa,Costa Rica,DEF
55982,2057980,B. Oviedo,Costa Rica,DEF
55988,2057980,C. Bolaños,Costa Rica,MID
101796,2057980,M. Ureña,Costa Rica,FWD
105333,2057980,Willian,Brazil,MID
105334,2057980,Douglas Costa,Brazil,MID
105339,2057980,Fernandinho,Brazil,MID
125250,2057980,Ó. Duarte,Costa Rica,DEF
125260,2057980,D. Guzmán,Costa Rica,MID
125268,2057980,Y. Tejeda,Costa Rica,MID
125284,2057980,J. Acosta,Costa Rica,DEF
125286,2057980,G. González,Costa Rica,DEF
125452,2057980,J. Venegas,Costa Rica,MID
125512,2057980,F. Calvo,Costa Rica,DEF
214220,2057980,Alisson,Brazil,GKP
340386,2057980,Gabriel Jesus,Brazil,FWD
383,2057981,D. Tadić,Serbia,MID
7891,2057981,B. Ivanović,Serbia,DEF
8306,2057981,A. Kolarov,Serbia,DEF
14922,2057981,R. Rodríguez,Switzerland,DEF
15199,2057981,M. Gavranović,Switzerland,FWD
20465,2057981,S. Lichtsteiner,Switzerland,DEF
20766,2057981,H. Seferović,Switzerland,FWD
20938,2057981,V. Behrami,Switzerland,MID
20941,2057981,A. Ljajić,Serbia,FWD
21169,2057981,B. Džemaili,Switzerland,MID
49855,2057981,Y. Sommer,Switzerland,GKP
49872,2057981,X. Shaqiri,Switzerland,MID
49876,2057981,G. Xhaka,Switzerland,MID
49997,2057981,S. Zuber,Switzerland,MID
50102,2057981,F. Schär,Switzerland,DEF
70122,2057981,N. Matić,Serbia,MID
127530,2057981,D. Tošić,Serbia,DEF
127537,2057981,L. Milivojević,Serbia,MID
127671,2057981,V. Stojković,Serbia,GKP
127796,2057981,F. Kostić,Serbia,MID
128214,2057981,A. Mitrović,Serbia,FWD
237274,2057981,N. Radonjić,Serbia,MID
265865,2057981,S. Milinković-Savić,Serbia,MID
282772,2057981,B. Embolo,Switzerland,FWD
297957,2057981,M. Akanji,Switzerland,DEF
424241,2057981,N. Milenković,Serbia,DEF
383,2057982,D. Tadić,Serbia,MID
3310,2057982,Marcelo,Brazil,DEF
3431,2057982,João Miranda,Brazil,DEF
3434,2057982,Filipe Luis,Brazil,DEF
3802,2057982,Philippe Coutinho,Brazil,FWD
8306,2057982,A. Kolarov,Serbia,DEF
11095,2057982,M. Veljkovic,Serbia,DEF
14785,2057982,Renato Augusto,Brazil,MID
15214,2057982,A. Rukavina,Serbia,DEF
20394,2057982,Thiago Silva,Brazil,DEF
20941,2057982,A. Ljajić,Serbia,FWD
40550,2057982,Paulinho,Brazil,MID
40707,2057982,Fágner,Brazil,DEF
40756,2057982,Casemiro,Brazil,MID
40810,2057982,Neymar,Brazil,FWD
70122,2057982,N. Matić,Serbia,MID
105333,2057982,Willian,Brazil,MID
105339,2057982,Fernandinho,Brazil,MID
127671,2057982,V. Stojković,Serbia,GKP
127796,2057982,F. Kostić,Serbia,MID
128214,2057982,A. Mitrović,Serbia,FWD
140085,2057982,A. Živković,Serbia,MID
214220,2057982,Alisson,Brazil,GKP
237274,2057982,N. Radonjić,Serbia,MID
265865,2057982,S. Milinković-Savić,Serbia,MID
340386,2057982,Gabriel Jesus,Brazil,FWD
424241,2057982,N. Milenković,Serbia,DEF
3915,2057983,K. Navas,Costa Rica,GKP
11155,2057983,B. Ruiz,Costa Rica,MID
14922,2057983,R. Rodríguez,Switzerland,DEF
15199,2057983,M. Gavranović,Switzerland,FWD
20465,2057983,S. Lichtsteiner,Switzerland,DEF
20938,2057983,V. Behrami,Switzerland,MID
21169,2057983,B. Džemaili,Switzerland,MID
26038,2057983,J. Campbell,Costa Rica,FWD
32706,2057983,R. Azofeifa,Costa Rica,MID
49855,2057983,Y. Sommer,Switzerland,GKP
49872,2057983,X. Shaqiri,Switzerland,MID
49876,2057983,G. Xhaka,Switzerland,MID
49977,2057983,M. Lang,Switzerland,DEF
50023,2057983,J. Drmic,Switzerland,FWD
50102,2057983,F. Schär,Switzerland,DEF
51004,2057983,C. Borges,Costa Rica,MID
55977,2057983,C. Gamboa,Costa Rica,DEF
55982,2057983,B. Oviedo,Costa Rica,DEF
59126,2057983,R. Wallace,Costa Rica,MID
125260,2057983,D. Guzmán,Costa Rica,MID
125273,2057983,D. Colindres,Costa Rica,FWD
125284,2057983,J. Acosta,Costa Rica,DEF
125286,2057983,G. González,Costa Rica,DEF
125575,2057983,K. Waston,Costa Rica,DEF
282772,2057983,B. Embolo,Switzerland,FWD
297957,2057983,M. Akanji,Switzerland,DEF
360992,2057983,D. Zakaria,Switzerland,MID
373441,2057983,I. Smith,Costa Rica,DEF
3318,2057984,S. Khedira,Germany,MID
3319,2057984,M. Özil,Germany,MID
3384,2057984,A. Guardado,Mexico,MID
3685,2057984,C. Vela,Mexico,FWD
3795,2057984,H. Moreno,Mexico,DEF
7941,2057984,J. Hernández,Mexico,FWD
14712,2057984,M. Neuer,Germany,GKP
14716,2057984,J. Boateng,Germany,DEF
14723,2057984,T. Kroos,Germany,MID
14731,2057984,M. Gómez,Germany,FWD
14732,2057984,T. Müller,Germany,FWD
14795,2057984,M. Hummels,Germany,DEF
14862,2057984,J. Draxler,Germany,MID
15024,2057984,M. Reus,Germany,FWD
15125,2057984,M. Plattenhardt,Germany,DEF
112366,2057984,M. Layún,Mexico,DEF
112392,2057984,R. Jiménez,Mexico,FWD
112459,2057984,H. Herrera,Mexico,MID
146583,2057984,J. Brandt,Germany,MID
173214,2057984,T. Werner,Germany,FWD
224593,2057984,J. Kimmich,Germany,DEF
255387,2057984,C. Salcedo,Mexico,DEF
295156,2057984,H. Lozano,Mexico,FWD
336178,2057984,J. Gallardo,Mexico,MID
448210,2057984,E. Álvarez,Mexico,DEF
123,2057985,O. Toivonen,Sweden,FWD
8529,2057985,S. Larsson,Sweden,MID
14908,2057985,M. Berg,Sweden,FWD
14911,2057985,Son Heung-Min,Korea Republic,FWD
15781,2057985,Ja-Cheol Koo,Korea Republic,MID
20876,2057985,A. Ekdal,Sweden,MID
21275,2057985,A. Granqvist,Sweden,DEF
32798,2057985,G. Svensson,Sweden,MID
49862,2057985,Joo-Ho Park,Korea Republic,DEF
50798,2057985,R. Olsen,Sweden,GKP
50806,2057985,P. Jansson,Sweden,DEF
51132,2057985,E. Forsberg,Sweden,MID
51144,2057985,V. Claesson,Sweden,MID
51145,2057985,O. Hiljemark,Sweden,MID
51217,2057985,L. Augustinsson,Sweden,DEF
51262,2057985,I. Kiese Thelin,Sweden,FWD
61949,2057985,M. Lustig,Sweden,DEF
61962,2057985,Sung-Yeung Ki,Korea Republic,MID
95200,2057985,Young-Gwon Kim,Korea Republic,DEF
95299,2057985,Min-Woo Kim,Korea Republic,MID
95490,2057985,Woo-Young Jung,Korea Republic,MID
107529,2057985,Yong Lee,Korea Republic,DEF
107548,2057985,Shin-Wook Kim,Korea Republic,FWD
138633,2057985,Hyun-Soo Jang,Korea Republic,DEF
256043,2057985,Hyun-Woo Cho,Korea Republic,GKP
299121,2057985,Jae-Sung Lee,Korea Republic,MID
349687,2057985,Hwang Hee-Chan,Korea Republic,FWD
403546,2057985,Lee Seung-Woo,Korea Republic,FWD
123,2057986,O. Toivonen,Sweden,FWD
151,2057986,J. Guidetti,Sweden,FWD
8529,2057986,S. Larsson,Sweden,MID
14712,2057986,M. Neuer,Germany,GKP
14716,2057986,J. Boateng,Germany,DEF
14723,2057986,T. Kroos,Germany,MID
14731,2057986,M. Gómez,Germany,FWD
14732,2057986,T. Müller,Germany,FWD
14748,2057986,A. Rüdiger,Germany,DEF
14808,2057986,İ. Gündoğan,Germany,MID
14862,2057986,J. Draxler,Germany,MID
14908,2057986,M. Berg,Sweden,FWD
15024,2057986,M. Reus,Germany,FWD
15811,2057986,S. Rudy,Germany,MID
18669,2057986,J. Hector,Germany,DEF
20876,2057986,A. Ekdal,Sweden,MID
21275,2057986,A. Granqvist,Sweden,DEF
50798,2057986,R. Olsen,Sweden,GKP
50812,2057986,J. Durmaz,Sweden,MID
51132,2057986,E. Forsberg,Sweden,MID
51144,2057986,V. Claesson,Sweden,MID
51217,2057986,L. Augustinsson,Sweden,DEF
51262,2057986,I. Kiese Thelin,Sweden,FWD
61949,2057986,M. Lustig,Sweden,DEF
71703,2057986,V. Lindelöf,Sweden,DEF
146583,2057986,J. Brandt,Germany,MID
173214,2057986,T. Werner,Germany,FWD
224593,2057986,J. Kimmich,Germany,DEF
3384,2057987,A. Guardado,Mexico,MID
3685,2057987,C. Vela,Mexico,FWD
3795,2057987,H. Moreno,Mexico,DEF
7941,2057987,J. Hernández,Mexico,FWD
8297,2057987,G. dos Santos,Mexico,FWD
14911,2057987,Son Heung-Min,Korea Republic,FWD
51625,2057987,Seon-Min Moon,Korea Republic,MID
61962,2057987,Sung-Yeung Ki,Korea Republic,MID
95200,2057987,Young-Gwon Kim,Korea Republic,DEF
95299,2057987,Min-Woo Kim,Korea Republic,MID
95490,2057987,Woo-Young Jung,Korea Republic,MID
107413,2057987,Chul Hong,Korea Republic,DEF
107529,2057987,Yong Lee,Korea Republic,DEF
112366,2057987,M. Layún,Mexico,DEF
112459,2057987,H. Herrera,Mexico,MID
112522,2057987,J. Corona,Mexico,FWD
138633,2057987,Hyun-Soo Jang,Korea Republic,DEF
209567,2057987,Se-Jong Ju,Korea Republic,MID
255387,2057987,C. Salcedo,Mexico,DEF
256043,2057987,Hyun-Woo Cho,Korea Republic,GKP
295156,2057987,H. Lozano,Mexico,FWD
299121,2057987,Jae-Sung Lee,Korea Republic,MID
336178,2057987,J. Gallardo,Mexico,MID
349687,2057987,Hwang Hee-Chan,Korea Republic,FWD
403546,2057987,Lee Seung-Woo,Korea Republic,FWD
448210,2057987,E. Álvarez,Mexico,DEF
3318,2057988,S. Khedira,Germany,MID
3319,2057988,M. Özil,Germany,MID
14712,2057988,M. Neuer,Germany,GKP
14723,2057988,T. Kroos,Germany,MID
14731,2057988,M. Gómez,Germany,FWD
14732,2057988,T. Müller,Germany,FWD
14795,2057988,M. Hummels,Germany,DEF
14911,2057988,Son Heung-Min,Korea Republic,FWD
15024,2057988,M. Reus,Germany,FWD
15781,2057988,Ja-Cheol Koo,Korea Republic,MID
18669,2057988,J. Hector,Germany,DEF
51625,2057988,Seon-Min Moon,Korea Republic,MID
95200,2057988,Young-Gwon Kim,Korea Republic,DEF
95490,2057988,Woo-Young Jung,Korea Republic,MID
107413,2057988,Chul Hong,Korea Republic,DEF
107424,2057988,Young-Sun Yun,Korea Republic,DEF
107529,2057988,Yong Lee,Korea Republic,DEF
107623,2057988,Yo-Han Go,Korea Republic,MID
134383,2057988,N. Süle,Germany,DEF
134387,2057988,L. Goretzka,Germany,MID
138633,2057988,Hyun-Soo Jang,Korea Republic,DEF
146583,2057988,J. Brandt,Germany,MID
173214,2057988,T. Werner,Germany,FWD
209567,2057988,Se-Jong Ju,Korea Republic,MID
224593,2057988,J. Kimmich,Germany,DEF
256043,2057988,Hyun-Woo Cho,Korea Republic,GKP
299121,2057988,Jae-Sung Lee,Korea Republic,MID
349687,2057988,Hwang Hee-Chan,Korea Republic,FWD
123,2057989,O. Toivonen,Sweden,FWD
3384,2057989,A. Guardado,Mexico,MID
3685,2057989,C. Vela,Mexico,FWD
3795,2057989,H. Moreno,Mexico,DEF
7941,2057989,J. Hernández,Mexico,FWD
8529,2057989,S. Larsson,Sweden,MID
14908,2057989,M. Berg,Sweden,FWD
20876,2057989,A. Ekdal,Sweden,MID
21275,2057989,A. Granqvist,Sweden,DEF
32798,2057989,G. Svensson,Sweden,MID
50798,2057989,R. Olsen,Sweden,GKP
51132,2057989,E. Forsberg,Sweden,MID
51144,2057989,V. Claesson,Sweden,MID
51145,2057989,O. Hiljemark,Sweden,MID
51217,2057989,L. Augustinsson,Sweden,DEF
51262,2057989,I. Kiese Thelin,Sweden,FWD
61949,2057989,M. Lustig,Sweden,DEF
71703,2057989,V. Lindelöf,Sweden,DEF
112253,2057989,M. Fabián,Mexico,MID
112366,2057989,M. Layún,Mexico,DEF
112459,2057989,H. Herrera,Mexico,MID
112522,2057989,J. Corona,Mexico,FWD
255387,2057989,C. Salcedo,Mexico,DEF
295156,2057989,H. Lozano,Mexico,FWD
336178,2057989,J. Gallardo,Mexico,MID
448210,2057989,E. Álvarez,Mexico,DEF
36,2057990,T. Alderweireld,Belgium,DEF
48,2057990,J. Vertonghen,Belgium,DEF
122,2057990,D. Mertens,Belgium,FWD
261,2057990,N. Chadli,Belgium,MID
3429,2057990,T. Courtois,Belgium,GKP
7905,2057990,R. Lukaku,Belgium,FWD
8034,2057990,D. Boyata,Belgium,DEF
11152,2057990,M. Dembélé,Belgium,MID
25622,2057990,T. Hazard,Belgium,FWD
25707,2057990,E. Hazard,Belgium,FWD
37824,2057990,T. Meunier,Belgium,DEF
38021,2057990,K. De Bruyne,Belgium,MID
59083,2057990,G. Gómez,Panama,MID
70123,2057990,A. Witsel,Belgium,MID
86411,2057990,A. Cooper,Panama,MID
86414,2057990,A. Godoy,Panama,MID
91263,2057990,R. Torres,Panama,DEF
113517,2057990,B. Pérez,Panama,FWD
114864,2057990,L. Tejada,Panama,FWD
116364,2057990,E. Davis,Panama,DEF
116997,2057990,G. Torres,Panama,FWD
125774,2057990,J. Penedo,Panama,GKP
134769,2057990,Y. Carrasco,Belgium,FWD
241077,2057990,Y. Bárcenas,Panama,MID
241134,2057990,I. Díaz,Panama,FWD
273683,2057990,F. Escobar,Panama,DEF
361498,2057990,M. Murillo,Panama,DEF
401861,2057990,J. Rodriguez,Panama,MID
7934,2057991,J. Lingard,England,MID
7939,2057991,A. Young,England,DEF
7964,2057991,J. Henderson,England,MID
8277,2057991,K. Walker,England,DEF
8653,2057991,H. Maguire,England,DEF
8717,2057991,H. Kane,England,FWD
8945,2057991,K. Trippier,England,DEF
9380,2057991,J. Stones,England,DEF
10014,2057991,S. Ben Youssef,Tunisia,DEF
10131,2057991,J. Pickford,England,GKP
11066,2057991,R. Sterling,England,FWD
13484,2057991,D. Alli,England,MID
25776,2057991,W. Khazri,Tunisia,MID
26100,2057991,N. Sliti,Tunisia,MID
28094,2057991,A. Badri,Tunisia,FWD
120784,2057991,F. Ben Mustapha,Tunisia,GKP
120853,2057991,F. Sassi,Tunisia,MID
149050,2057991,M. Hassen,Tunisia,GKP
209354,2057991,F. Ben Youssef,Tunisia,FWD
210044,2057991,E. Dier,England,MID
235555,2057991,R. Loftus-Cheek,England,MID
246946,2057991,E. Skhiri,Tunisia,MID
295747,2057991,D. Bronn,Tunisia,DEF
331763,2057991,Y. Meriah,Tunisia,DEF
354041,2057991,M. Ben Amor,Tunisia,MID
397178,2057991,M. Rashford,England,FWD
36,2057992,T. Alderweireld,Belgium,DEF
48,2057992,J. Vertonghen,Belgium,DEF
122,2057992,D. Mertens,Belgium,FWD
3429,2057992,T. Courtois,Belgium,GKP
7905,2057992,R. Lukaku,Belgium,FWD
8034,2057992,D. Boyata,Belgium,DEF
8249,2057992,M. Fellaini,Belgium,MID
10014,2057992,S. Ben Youssef,Tunisia,DEF
21333,2057992,Y. Benalouane,Tunisia,DEF
25707,2057992,E. Hazard,Belgium,FWD
25776,2057992,W. Khazri,Tunisia,MID
26100,2057992,N. Sliti,Tunisia,MID
28094,2057992,A. Badri,Tunisia,FWD
37824,2057992,T. Meunier,Belgium,DEF
38021,2057992,K. De Bruyne,Belgium,MID
38093,2057992,M. Batshuayi,Belgium,FWD
70123,2057992,A. Witsel,Belgium,MID
120784,2057992,F. Ben Mustapha,Tunisia,GKP
120853,2057992,F. Sassi,Tunisia,MID
134769,2057992,Y. Carrasco,Belgium,FWD
209354,2057992,F. Ben Youssef,Tunisia,FWD
246946,2057992,E. Skhiri,Tunisia,MID
263802,2057992,Y. Tielemans,Belgium,MID
275243,2057992,S. Khaoui,Tunisia,MID
293080,2057992,H. Nagguez,Tunisia,DEF
295747,2057992,D. Bronn,Tunisia,DEF
331763,2057992,Y. Meriah,Tunisia,DEF
7934,2057993,J. Lingard,England,MID
7939,2057993,A. Young,England,DEF
7964,2057993,J. Henderson,England,MID
8277,2057993,K. Walker,England,DEF
8292,2057993,D. Rose,England,DEF
8464,2057993,F. Delph,England,MID
8653,2057993,H. Maguire,England,DEF
8717,2057993,H. Kane,England,FWD
8945,2057993,K. Trippier,England,DEF
9380,2057993,J. Stones,England,DEF
10131,2057993,J. Pickford,England,GKP
11066,2057993,R. Sterling,England,FWD
12829,2057993,J. Vardy,England,FWD
59083,2057993,G. Gómez,Panama,MID
86411,2057993,A. Cooper,Panama,MID
86414,2057993,A. Godoy,Panama,MID
91263,2057993,R. Torres,Panama,DEF
112679,2057993,F. Baloy,Panama,DEF
113517,2057993,B. Pérez,Panama,FWD
116364,2057993,E. Davis,Panama,DEF
125774,2057993,J. Penedo,Panama,GKP
131602,2057993,A. Arroyo,Panama,FWD
235555,2057993,R. Loftus-Cheek,England,MID
241077,2057993,Y. Bárcenas,Panama,MID
273683,2057993,F. Escobar,Panama,DEF
361498,2057993,M. Murillo,Panama,DEF
401861,2057993,J. Rodriguez,Panama,MID
122,2057994,D. Mertens,Belgium,FWD
261,2057994,N. Chadli,Belgium,MID
3429,2057994,T. Courtois,Belgium,GKP
7860,2057994,T. Vermaelen,Belgium,DEF
7887,2057994,G. Cahill,England,DEF
7918,2057994,P. Jones,England,DEF
7945,2057994,D. Welbeck,England,FWD
8034,2057994,D. Boyata,Belgium,DEF
8249,2057994,M. Fellaini,Belgium,MID
8292,2057994,D. Rose,England,DEF
8307,2057994,V. Kompany,Belgium,DEF
8464,2057994,F. Delph,England,MID
8653,2057994,H. Maguire,England,DEF
9380,2057994,J. Stones,England,DEF
10131,2057994,J. Pickford,England,GKP
11152,2057994,M. Dembélé,Belgium,MID
12829,2057994,J. Vardy,England,FWD
25622,2057994,T. Hazard,Belgium,FWD
38093,2057994,M. Batshuayi,Belgium,FWD
134702,2057994,L. Dendoncker,Belgium,MID
210044,2057994,E. Dier,England,MID
235555,2057994,R. Loftus-Cheek,England,MID
261127,2057994,A. Januzaj,Belgium,MID
263802,2057994,Y. Tielemans,Belgium,MID
346101,2057994,T. Alexander-Arnold,England,DEF
397178,2057994,M. Rashford,England,FWD
25776,2057995,W. Khazri,Tunisia,MID
26100,2057995,N. Sliti,Tunisia,MID
28094,2057995,A. Badri,Tunisia,FWD
59083,2057995,G. Gómez,Panama,MID
86414,2057995,A. Godoy,Panama,MID
91263,2057995,R. Torres,Panama,DEF
114864,2057995,L. Tejada,Panama,FWD
116293,2057995,H. Cummings,Panama,DEF
116997,2057995,G. Torres,Panama,FWD
120717,2057995,O. Haddadi,Tunisia,DEF
120853,2057995,F. Sassi,Tunisia,MID
120900,2057995,R. Bedoui,Tunisia,DEF
125774,2057995,J. Penedo,Panama,GKP
125848,2057995,A. Machado,Panama,DEF
131602,2057995,A. Arroyo,Panama,FWD
131862,2057995,L. Ovalle,Panama,DEF
209354,2057995,F. Ben Youssef,Tunisia,FWD
241077,2057995,Y. Bárcenas,Panama,MID
246946,2057995,E. Skhiri,Tunisia,MID
273683,2057995,F. Escobar,Panama,DEF
293080,2057995,H. Nagguez,Tunisia,DEF
293128,2057995,A. Khalil,Tunisia,MID
331763,2057995,Y. Meriah,Tunisia,DEF
354043,2057995,G. Chaalali,Tunisia,MID
401861,2057995,J. Rodriguez,Panama,MID
408827,2057995,B. Srarfi,Tunisia,MID
7849,2057996,W. Szczęsny,Poland,GKP
14798,2057996,Ł. Piszczek,Poland,DEF
14804,2057996,J. Błaszczykowski,Poland,MID
14817,2057996,R. Lewandowski,Poland,FWD
15054,2057996,M. Diouf,Senegal,FWD
25706,2057996,I. Gueye,Senegal,MID
25726,2057996,K. Koulibaly,Senegal,DEF
25747,2057996,S. Mané,Senegal,FWD
25898,2057996,M. Niang,Senegal,FWD
26115,2057996,S. Sané,Senegal,DEF
27412,2057996,C. N'Doye,Senegal,MID
28529,2057996,Y. Sabaly,Senegal,DEF
32793,2057996,A. N'Diaye,Senegal,MID
33032,2057996,K. Grosicki,Poland,MID
37725,2057996,C. Kouyaté,Senegal,MID
97582,2057996,M. Konaté,Senegal,FWD
99391,2057996,M. Rybus,Poland,DEF
99452,2057996,A. Milik,Poland,FWD
99661,2057996,T. Cionek,Poland,DEF
99833,2057996,B. Bereszyński,Poland,DEF
99902,2057996,P. Zieliński,Poland,MID
133897,2057996,K. N'Diaye,Senegal,GKP
240032,2057996,J. Bednarek,Poland,DEF
240042,2057996,D. Kownacki,Poland,FWD
375348,2057996,M. Wagué,Senegal,DEF
448079,2057996,I. Sarr,Senegal,MID
703,2057997,M. Yoshida,Japan,DEF
3450,2057997,R. Falcao,Colombia,FWD
14763,2057997,S. Okazaki,Japan,FWD
14816,2057997,S. Kagawa,Japan,MID
14836,2057997,T. Inui,Japan,MID
14929,2057997,M. Hasebe,Japan,MID
20517,2057997,Y. Nagatomo,Japan,DEF
20751,2057997,J. Cuadrado,Colombia,MID
25662,2057997,D. Ospina,Colombia,GKP
26518,2057997,C. Sánchez,Colombia,MID
37831,2057997,C. Bacca,Colombia,FWD
37896,2057997,E. Kawashima,Japan,GKP
70096,2057997,J. Rodríguez,Colombia,MID
70136,2057997,S. Arias,Colombia,DEF
91002,2057997,O. Murillo,Colombia,DEF
91019,2057997,J. Quintero,Colombia,MID
91702,2057997,J. Mojica,Colombia,DEF
94650,2057997,G. Haraguchi,Japan,MID
94695,2057997,H. Sakai,Japan,DEF
94814,2057997,G. Shōji,Japan,DEF
94828,2057997,G. Shibasaki,Japan,MID
94831,2057997,Y. Ōsako,Japan,FWD
95010,2057997,H. Yamaguchi,Japan,MID
101592,2057997,K. Honda,Japan,MID
246928,2057997,W. Barrios,Colombia,MID
255738,2057997,J. Lerma,Colombia,MID
257762,2057997,D. Sánchez,Colombia,DEF
3450,2057998,R. Falcao,Colombia,FWD
4814,2057998,A. Aguilar,Colombia,MID
7849,2057998,W. Szczęsny,Poland,GKP
14798,2057998,Ł. Piszczek,Poland,DEF
14817,2057998,R. Lewandowski,Poland,FWD
20751,2057998,J. Cuadrado,Colombia,MID
21097,2057998,K. Glik,Poland,DEF
25662,2057998,D. Ospina,Colombia,GKP
33032,2057998,K. Grosicki,Poland,MID
37831,2057998,C. Bacca,Colombia,FWD
70096,2057998,J. Rodríguez,Colombia,MID
70136,2057998,S. Arias,Colombia,DEF
91019,2057998,J. Quintero,Colombia,MID
91502,2057998,A. Uribe,Colombia,MID
91702,2057998,J. Mojica,Colombia,DEF
99391,2057998,M. Rybus,Poland,DEF
99833,2057998,B. Bereszyński,Poland,DEF
99902,2057998,P. Zieliński,Poland,MID
100140,2057998,J. Góralski,Poland,MID
240032,2057998,J. Bednarek,Poland,DEF
240042,2057998,D. Kownacki,Poland,FWD
246928,2057998,W. Barrios,Colombia,MID
255738,2057998,J. Lerma,Colombia,MID
256634,2057998,Y. Mina,Colombia,DEF
257762,2057998,D. Sánchez,Colombia,DEF
703,2057999,M. Yoshida,Japan,DEF
14730,2057999,T. Usami,Japan,FWD
14763,2057999,S. Okazaki,Japan,FWD
14816,2057999,S. Kagawa,Japan,MID
14836,2057999,T. Inui,Japan,MID
14929,2057999,M. Hasebe,Japan,MID
15054,2057999,M. Diouf,Senegal,FWD
20517,2057999,Y. Nagatomo,Japan,DEF
25706,2057999,I. Gueye,Senegal,MID
25726,2057999,K. Koulibaly,Senegal,DEF
25747,2057999,S. Mané,Senegal,FWD
25898,2057999,M. Niang,Senegal,FWD
26115,2057999,S. Sané,Senegal,DEF
27412,2057999,C. N'Doye,Senegal,MID
28529,2057999,Y. Sabaly,Senegal,DEF
32793,2057999,A. N'Diaye,Senegal,MID
37725,2057999,C. Kouyaté,Senegal,MID
37896,2057999,E. Kawashima,Japan,GKP
94650,2057999,G. Haraguchi,Japan,MID
94695,2057999,H. Sakai,Japan,DEF
94814,2057999,G. Shōji,Japan,DEF
94828,2057999,G. Shibasaki,Japan,MID
94831,2057999,Y. Ōsako,Japan,FWD
101592,2057999,K. Honda,Japan,MID
133897,2057999,K. N'Diaye,Senegal,GKP
207164,2057999,B. N'Diaye,Senegal,MID
375348,2057999,M. Wagué,Senegal,DEF
448079,2057999,I. Sarr,Senegal,MID
703,2058000,M. Yoshida,Japan,DEF
7847,2058000,Ł. Fabiański,Poland,GKP
14730,2058000,T. Usami,Japan,FWD
14749,2058000,G. Sakai,Japan,DEF
14763,2058000,S. Okazaki,Japan,FWD
14817,2058000,R. Lewandowski,Poland,FWD
14836,2058000,T. Inui,Japan,MID
14929,2058000,M. Hasebe,Japan,MID
15282,2058000,S. Peszko,Poland,MID
20517,2058000,Y. Nagatomo,Japan,DEF
21097,2058000,K. Glik,Poland,DEF
33032,2058000,K. Grosicki,Poland,MID
37896,2058000,E. Kawashima,Japan,GKP
94630,2058000,T. Makino,Japan,DEF
94695,2058000,H. Sakai,Japan,DEF
94764,2058000,Y. Muto,Japan,FWD
94828,2058000,G. Shibasaki,Japan,MID
94831,2058000,Y. Ōsako,Japan,FWD
95010,2058000,H. Yamaguchi,Japan,MID
99381,2058000,A. Jędrzejczyk,Poland,DEF
99833,2058000,B. Bereszyński,Poland,DEF
99902,2058000,P. Zieliński,Poland,MID
100140,2058000,J. Góralski,Poland,MID
225324,2058000,R. Kurzawa,Poland,MID
240032,2058000,J. Bednarek,Poland,DEF
3450,2058001,R. Falcao,Colombia,FWD
20751,2058001,J. Cuadrado,Colombia,MID
20764,2058001,L. Muriel,Colombia,FWD
25662,2058001,D. Ospina,Colombia,GKP
25706,2058001,I. Gueye,Senegal,MID
25726,2058001,K. Koulibaly,Senegal,DEF
25747,2058001,S. Mané,Senegal,FWD
25898,2058001,M. Niang,Senegal,FWD
26022,2058001,L. Gassama,Senegal,DEF
26115,2058001,S. Sané,Senegal,DEF
26518,2058001,C. Sánchez,Colombia,MID
26610,2058001,D. Sakho,Senegal,FWD
28529,2058001,Y. Sabaly,Senegal,DEF
37725,2058001,C. Kouyaté,Senegal,MID
70096,2058001,J. Rodríguez,Colombia,MID
70136,2058001,S. Arias,Colombia,DEF
91019,2058001,J. Quintero,Colombia,MID
91156,2058001,M. Borja,Colombia,FWD
91502,2058001,A. Uribe,Colombia,MID
91702,2058001,J. Mojica,Colombia,DEF
97582,2058001,M. Konaté,Senegal,FWD
133897,2058001,K. N'Diaye,Senegal,GKP
255738,2058001,J. Lerma,Colombia,MID
256480,2058001,B. Keita,Senegal,FWD
256634,2058001,Y. Mina,Colombia,DEF
257762,2058001,D. Sánchez,Colombia,DEF
375348,2058001,M. Wagué,Senegal,DEF
448079,2058001,I. Sarr,Senegal,MID
3305,2058002,Pepe,Portugal,DEF
3322,2058002,Cristiano Ronaldo,Portugal,FWD
3433,2058002,D. Godín,Uruguay,DEF
3714,2058002,C. Stuani,Uruguay,FWD
7972,2058002,L. Suárez,Uruguay,FWD
8126,2058002,José Fonte,Portugal,DEF
20460,2058002,M. Cáceres,Uruguay,DEF
21174,2058002,E. Cavani,Uruguay,FWD
28907,2058002,Raphaël Guerreiro,Portugal,DEF
32597,2058002,Ricardo Quaresma,Portugal,FWD
32599,2058002,Manuel Fernandes,Portugal,MID
32641,2058002,F. Muslera,Uruguay,GKP
37762,2058002,William Carvalho,Portugal,MID
70095,2058002,C. Rodríguez,Uruguay,MID
70134,2058002,Rui Patrício,Portugal,GKP
70381,2058002,Ricardo Pereira,Portugal,DEF
70403,2058002,Adrien Silva,Portugal,MID
70965,2058002,João Mário,Portugal,MID
86340,2058002,C. Sánchez,Uruguay,MID
116269,2058002,D. Laxalt,Uruguay,MID
116349,2058002,M. Vecino,Uruguay,MID
135927,2058002,André Silva,Portugal,FWD
227894,2058002,J. Giménez,Uruguay,DEF
237034,2058002,Gonçalo Guedes,Portugal,FWD
265673,2058002,Bernardo Silva,Portugal,MID
299618,2058002,N. Nández,Uruguay,MID
333571,2058002,L. Torreira,Uruguay,MID
361807,2058002,R. Bentancur,Uruguay,MID
3280,2058003,É. Banega,Argentina,MID
3309,2058003,R. Varane,France,DEF
3314,2058003,Á. di María,Argentina,MID
3355,2058003,J. Mascherano,Argentina,DEF
3359,2058003,L. Messi,Argentina,FWD
3463,2058003,F. Fazio,Argentina,DEF
3682,2058003,A. Griezmann,France,FWD
7936,2058003,P. Pogba,France,MID
8325,2058003,S. Agüero,Argentina,FWD
25381,2058003,H. Lloris,France,GKP
25397,2058003,S. Umtiti,France,DEF
25437,2058003,B. Matuidi,France,MID
25770,2058003,F. Thauvin,France,FWD
26010,2058003,O. Giroud,France,FWD
28115,2058003,N. Fekir,France,MID
31528,2058003,N. Kanté,France,MID
70086,2058003,N. Otamendi,Argentina,DEF
86220,2058003,G. Mercado,Argentina,DEF
86234,2058003,E. Pérez,Argentina,MID
86722,2058003,N. Tagliafico,Argentina,DEF
90991,2058003,F. Armani,Argentina,GKP
146459,2058003,M. Meza,Argentina,MID
209091,2058003,C. Tolisso,France,MID
279545,2058003,L. Hernández,France,DEF
285396,2058003,C. Pavón,Argentina,FWD
340646,2058003,B. Pavard,France,DEF
353833,2058003,K. Mbappé,France,FWD
3269,2058004,Jordi Alba,Spain,DEF
3304,2058004,Nacho,Spain,DEF
3306,2058004,Sergio Ramos,Spain,DEF
3341,2058004,Piqué,Spain,DEF
3346,2058004,Sergio Busquets,Spain,MID
3353,2058004,Iniesta,Spain,MID
3443,2058004,Koke,Spain,MID
3563,2058004,Isco,Spain,MID
3840,2058004,Iago Aspas,Spain,FWD
4338,2058004,Diego Costa,Spain,FWD
4501,2058004,Daniel Carvajal,Spain,DEF
4513,2058004,D. Cheryshev,Russia,MID
7910,2058004,David de Gea,Spain,GKP
8317,2058004,David Silva,Spain,MID
41123,2058004,Mário Fernandes,Russia,DEF
70129,2058004,Rodrigo,Spain,FWD
101576,2058004,I. Akinfeev,Russia,GKP
101583,2058004,S. Ignashevich,Russia,DEF
101647,2058004,F. Kudryashov,Russia,DEF
101669,2058004,A. Dzyuba,Russia,FWD
101682,2058004,V. Granat,Russia,DEF
101699,2058004,A. Samedov,Russia,MID
101707,2058004,F. Smolov,Russia,FWD
101857,2058004,Y. Zhirkov,Russia,MID
101953,2058004,A. Erokhin,Russia,MID
103668,2058004,I. Kutepov,Russia,DEF
103682,2058004,R. Zobnin,Russia,MID
220971,2058004,D. Kuzyaev,Russia,MID
257800,2058004,A. Golovin,Russia,MID
288091,2058004,Marco Asensio,Spain,MID
54,2058005,C. Eriksen,Denmark,MID
405,2058005,L. Schöne,Denmark,MID
3476,2058005,I. Rakitić,Croatia,MID
8287,2058005,L. Modrić,Croatia,MID
8480,2058005,K. Schmeichel,Denmark,GKP
14812,2058005,I. Perišić,Croatia,MID
14943,2058005,M. Mandžukić,Croatia,FWD
15080,2058005,N. Jørgensen,Denmark,FWD
20433,2058005,S. Kjær,Denmark,DEF
25393,2058005,D. Lovren,Croatia,DEF
55957,2058005,J. Knudsen,Denmark,DEF
55968,2058005,M. Braithwaite,Denmark,FWD
55979,2058005,M. Jørgensen,Denmark,DEF
55990,2058005,T. Delaney,Denmark,MID
56025,2058005,M. Krohn-Dehli,Denmark,MID
56274,2058005,Y. Poulsen,Denmark,FWD
56394,2058005,H. Dalsgaard,Denmark,DEF
69396,2058005,D. Vida,Croatia,DEF
69400,2058005,M. Badelj,Croatia,MID
69404,2058005,M. Kovačić,Croatia,MID
69409,2058005,Š. Vrsaljko,Croatia,DEF
69411,2058005,A. Kramarić,Croatia,FWD
69616,2058005,A. Rebić,Croatia,FWD
69964,2058005,J. Pivarić,Croatia,DEF
69968,2058005,M. Brozović,Croatia,MID
105361,2058005,I. Strinić,Croatia,DEF
135103,2058005,A. Christensen,Denmark,DEF
135150,2058005,A. Cornelius,Denmark,FWD
135747,2058005,D. Subašić,Croatia,GKP
241945,2058005,P. Sisto,Denmark,MID
3349,2058006,J. dos Santos,Mexico,MID
3384,2058006,A. Guardado,Mexico,MID
3431,2058006,João Miranda,Brazil,DEF
3434,2058006,Filipe Luis,Brazil,DEF
3685,2058006,C. Vela,Mexico,FWD
3802,2058006,Philippe Coutinho,Brazil,FWD
7941,2058006,J. Hernández,Mexico,FWD
15808,2058006,Roberto Firmino,Brazil,FWD
20394,2058006,Thiago Silva,Brazil,DEF
40539,2058006,Marquinhos,Brazil,DEF
40550,2058006,Paulinho,Brazil,MID
40707,2058006,Fágner,Brazil,DEF
40756,2058006,Casemiro,Brazil,MID
40810,2058006,Neymar,Brazil,FWD
105333,2058006,Willian,Brazil,MID
105339,2058006,Fernandinho,Brazil,MID
112366,2058006,M. Layún,Mexico,DEF
112392,2058006,R. Jiménez,Mexico,FWD
112459,2058006,H. Herrera,Mexico,MID
214220,2058006,Alisson,Brazil,GKP
255387,2058006,C. Salcedo,Mexico,DEF
295156,2058006,H. Lozano,Mexico,FWD
336178,2058006,J. Gallardo,Mexico,MID
340386,2058006,Gabriel Jesus,Brazil,FWD
448210,2058006,E. Álvarez,Mexico,DEF
36,2058007,T. Alderweireld,Belgium,DEF
48,2058007,J. Vertonghen,Belgium,DEF
122,2058007,D. Mertens,Belgium,FWD
261,2058007,N. Chadli,Belgium,MID
703,2058007,M. Yoshida,Japan,DEF
3429,2058007,T. Courtois,Belgium,GKP
7905,2058007,R. Lukaku,Belgium,FWD
8249,2058007,M. Fellaini,Belgium,MID
8307,2058007,V. Kompany,Belgium,DEF
14816,2058007,S. Kagawa,Japan,MID
14836,2058007,T. Inui,Japan,MID
14929,2058007,M. Hasebe,Japan,MID
20517,2058007,Y. Nagatomo,Japan,DEF
25707,2058007,E. Hazard,Belgium,FWD
37824,2058007,T. Meunier,Belgium,DEF
37896,2058007,E. Kawashima,Japan,GKP
38021,2058007,K. De Bruyne,Belgium,MID
70123,2058007,A. Witsel,Belgium,MID
94650,2058007,G. Haraguchi,Japan,MID
94695,2058007,H. Sakai,Japan,DEF
94814,2058007,G. Shōji,Japan,DEF
94828,2058007,G. Shibasaki,Japan,MID
94831,2058007,Y. Ōsako,Japan,FWD
95010,2058007,H. Yamaguchi,Japan,MID
101592,2058007,K. Honda,Japan,MID
134769,2058007,Y. Carrasco,Belgium,FWD
123,2058008,O. Toivonen,Sweden,FWD
7850,2058008,J. Djourou,Switzerland,DEF
8192,2058008,M. Olsson,Sweden,DEF
14908,2058008,M. Berg,Sweden,FWD
14922,2058008,R. Rodríguez,Switzerland,DEF
20766,2058008,H. Seferović,Switzerland,FWD
20876,2058008,A. Ekdal,Sweden,MID
20938,2058008,V. Behrami,Switzerland,MID
21169,2058008,B. Džemaili,Switzerland,MID
21275,2058008,A. Granqvist,Sweden,DEF
32798,2058008,G. Svensson,Sweden,MID
49855,2058008,Y. Sommer,Switzerland,GKP
49872,2058008,X. Shaqiri,Switzerland,MID
49876,2058008,G. Xhaka,Switzerland,MID
49977,2058008,M. Lang,Switzerland,DEF
49997,2058008,S. Zuber,Switzerland,MID
50023,2058008,J. Drmic,Switzerland,FWD
50798,2058008,R. Olsen,Sweden,GKP
51064,2058008,E. Krafth,Sweden,DEF
51132,2058008,E. Forsberg,Sweden,MID
51144,2058008,V. Claesson,Sweden,MID
51217,2058008,L. Augustinsson,Sweden,DEF
51262,2058008,I. Kiese Thelin,Sweden,FWD
61949,2058008,M. Lustig,Sweden,DEF
71703,2058008,V. Lindelöf,Sweden,DEF
282772,2058008,B. Embolo,Switzerland,FWD
297957,2058008,M. Akanji,Switzerland,DEF
3450,2058009,R. Falcao,Colombia,FWD
3531,2058009,C. Zapata,Colombia,DEF
7934,2058009,J. Lingard,England,MID
7939,2058009,A. Young,England,DEF
7964,2058009,J. Henderson,England,MID
8277,2058009,K. Walker,England,DEF
8292,2058009,D. Rose,England,DEF
8653,2058009,H. Maguire,England,DEF
8717,2058009,H. Kane,England,FWD
8945,2058009,K. Trippier,England,DEF
9380,2058009,J. Stones,England,DEF
10131,2058009,J. Pickford,England,GKP
11066,2058009,R. Sterling,England,FWD
12829,2058009,J. Vardy,England,FWD
13484,2058009,D. Alli,England,MID
20751,2058009,J. Cuadrado,Colombia,MID
20764,2058009,L. Muriel,Colombia,FWD
25662,2058009,D. Ospina,Colombia,GKP
26518,2058009,C. Sánchez,Colombia,MID
37831,2058009,C. Bacca,Colombia,FWD
70136,2058009,S. Arias,Colombia,DEF
91019,2058009,J. Quintero,Colombia,MID
91502,2058009,A. Uribe,Colombia,MID
91702,2058009,J. Mojica,Colombia,DEF
210044,2058009,E. Dier,England,MID
246928,2058009,W. Barrios,Colombia,MID
255738,2058009,J. Lerma,Colombia,MID
256634,2058009,Y. Mina,Colombia,DEF
257762,2058009,D. Sánchez,Colombia,DEF
397178,2058009,M. Rashford,England,FWD
3309,2058010,R. Varane,France,DEF
3433,2058010,D. Godín,Uruguay,DEF
3682,2058010,A. Griezmann,France,FWD
3714,2058010,C. Stuani,Uruguay,FWD
7936,2058010,P. Pogba,France,MID
7972,2058010,L. Suárez,Uruguay,FWD
8200,2058010,S. N'Zonzi,France,MID
20460,2058010,M. Cáceres,Uruguay,DEF
25381,2058010,H. Lloris,France,GKP
25397,2058010,S. Umtiti,France,DEF
26010,2058010,O. Giroud,France,FWD
28115,2058010,N. Fekir,France,MID
31528,2058010,N. Kanté,France,MID
32641,2058010,F. Muslera,Uruguay,GKP
70095,2058010,C. Rodríguez,Uruguay,MID
70379,2058010,J. Urretavizcaya,Uruguay,MID
116269,2058010,D. Laxalt,Uruguay,MID
116349,2058010,M. Vecino,Uruguay,MID
209091,2058010,C. Tolisso,France,MID
227894,2058010,J. Giménez,Uruguay,DEF
279545,2058010,L. Hernández,France,DEF
286390,2058010,O. Dembélé,France,FWD
299618,2058010,N. Nández,Uruguay,MID
333571,2058010,L. Torreira,Uruguay,MID
340646,2058010,B. Pavard,France,DEF
353833,2058010,K. Mbappé,France,FWD
361807,2058010,R. Bentancur,Uruguay,MID
395636,2058010,Maxi Gómez,Uruguay,FWD
36,2058011,T. Alderweireld,Belgium,DEF
48,2058011,J. Vertonghen,Belgium,DEF
261,2058011,N. Chadli,Belgium,MID
3310,2058011,Marcelo,Brazil,DEF
3429,2058011,T. Courtois,Belgium,GKP
3431,2058011,João Miranda,Brazil,DEF
3802,2058011,Philippe Coutinho,Brazil,FWD
7860,2058011,T. Vermaelen,Belgium,DEF
7905,2058011,R. Lukaku,Belgium,FWD
8249,2058011,M. Fellaini,Belgium,MID
8307,2058011,V. Kompany,Belgium,DEF
14785,2058011,Renato Augusto,Brazil,MID
15808,2058011,Roberto Firmino,Brazil,FWD
20394,2058011,Thiago Silva,Brazil,DEF
25707,2058011,E. Hazard,Belgium,FWD
37824,2058011,T. Meunier,Belgium,DEF
38021,2058011,K. De Bruyne,Belgium,MID
40550,2058011,Paulinho,Brazil,MID
40707,2058011,Fágner,Brazil,DEF
40810,2058011,Neymar,Brazil,FWD
70123,2058011,A. Witsel,Belgium,MID
105333,2058011,Willian,Brazil,MID
105334,2058011,Douglas Costa,Brazil,MID
105339,2058011,Fernandinho,Brazil,MID
214220,2058011,Alisson,Brazil,GKP
263802,2058011,Y. Tielemans,Belgium,MID
340386,2058011,Gabriel Jesus,Brazil,FWD
3476,2058012,I. Rakitić,Croatia,MID
4513,2058012,D. Cheryshev,Russia,MID
8287,2058012,L. Modrić,Croatia,MID
14771,2058012,V. Ćorluka,Croatia,DEF
14812,2058012,I. Perišić,Croatia,MID
14943,2058012,M. Mandžukić,Croatia,FWD
25393,2058012,D. Lovren,Croatia,DEF
41123,2058012,Mário Fernandes,Russia,DEF
69396,2058012,D. Vida,Croatia,DEF
69404,2058012,M. Kovačić,Croatia,MID
69409,2058012,Š. Vrsaljko,Croatia,DEF
69411,2058012,A. Kramarić,Croatia,FWD
69616,2058012,A. Rebić,Croatia,FWD
69964,2058012,J. Pivarić,Croatia,DEF
69968,2058012,M. Brozović,Croatia,MID
101576,2058012,I. Akinfeev,Russia,GKP
101583,2058012,S. Ignashevich,Russia,DEF
101590,2058012,A. Dzagoev,Russia,MID
101647,2058012,F. Kudryashov,Russia,DEF
101669,2058012,A. Dzyuba,Russia,FWD
101699,2058012,A. Samedov,Russia,MID
101707,2058012,F. Smolov,Russia,FWD
101953,2058012,A. Erokhin,Russia,MID
102157,2058012,Y. Gazinskiy,Russia,MID
103668,2058012,I. Kutepov,Russia,DEF
103682,2058012,R. Zobnin,Russia,MID
105361,2058012,I. Strinić,Croatia,DEF
135747,2058012,D. Subašić,Croatia,GKP
220971,2058012,D. Kuzyaev,Russia,MID
257800,2058012,A. Golovin,Russia,MID
123,2058013,O. Toivonen,Sweden,FWD
151,2058013,J. Guidetti,Sweden,FWD
7934,2058013,J. Lingard,England,MID
7939,2058013,A. Young,England,DEF
7964,2058013,J. Henderson,England,MID
8192,2058013,M. Olsson,Sweden,DEF
8277,2058013,K. Walker,England,DEF
8464,2058013,F. Delph,England,MID
8529,2058013,S. Larsson,Sweden,MID
8653,2058013,H. Maguire,England,DEF
8717,2058013,H. Kane,England,FWD
8945,2058013,K. Trippier,England,DEF
9380,2058013,J. Stones,England,DEF
10131,2058013,J. Pickford,England,GKP
11066,2058013,R. Sterling,England,FWD
13484,2058013,D. Alli,England,MID
14908,2058013,M. Berg,Sweden,FWD
20876,2058013,A. Ekdal,Sweden,MID
21275,2058013,A. Granqvist,Sweden,DEF
50798,2058013,R. Olsen,Sweden,GKP
50806,2058013,P. Jansson,Sweden,DEF
51064,2058013,E. Krafth,Sweden,DEF
51132,2058013,E. Forsberg,Sweden,MID
51144,2058013,V. Claesson,Sweden,MID
51217,2058013,L. Augustinsson,Sweden,DEF
71703,2058013,V. Lindelöf,Sweden,DEF
210044,2058013,E. Dier,England,MID
397178,2058013,M. Rashford,England,FWD
36,2058014,T. Alderweireld,Belgium,DEF
48,2058014,J. Vertonghen,Belgium,DEF
122,2058014,D. Mertens,Belgium,FWD
261,2058014,N. Chadli,Belgium,MID
3309,2058014,R. Varane,France,DEF
3429,2058014,T. Courtois,Belgium,GKP
3682,2058014,A. Griezmann,France,FWD
7905,2058014,R. Lukaku,Belgium,FWD
7936,2058014,P. Pogba,France,MID
8200,2058014,S. N'Zonzi,France,MID
8249,2058014,M. Fellaini,Belgium,MID
8307,2058014,V. Kompany,Belgium,DEF
11152,2058014,M. Dembélé,Belgium,MID
25381,2058014,H. Lloris,France,GKP
25397,2058014,S. Umtiti,France,DEF
25437,2058014,B. Matuidi,France,MID
25707,2058014,E. Hazard,Belgium,FWD
26010,2058014,O. Giroud,France,FWD
31528,2058014,N. Kanté,France,MID
38021,2058014,K. De Bruyne,Belgium,MID
70123,2058014,A. Witsel,Belgium,MID
134769,2058014,Y. Carrasco,Belgium,FWD
209091,2058014,C. Tolisso,France,MID
279545,2058014,L. Hernández,France,DEF
340646,2058014,B. Pavard,France,DEF
353833,2058014,K. Mbappé,France,FWD
3476,2058015,I. Rakitić,Croatia,MID
7934,2058015,J. Lingard,England,MID
7939,2058015,A. Young,England,DEF
7964,2058015,J. Henderson,England,MID
8277,2058015,K. Walker,England,DEF
8287,2058015,L. Modrić,Croatia,MID
8292,2058015,D. Rose,England,DEF
8653,2058015,H. Maguire,England,DEF
8717,2058015,H. Kane,England,FWD
8945,2058015,K. Trippier,England,DEF
9380,2058015,J. Stones,England,DEF
10131,2058015,J. Pickford,England,GKP
11066,2058015,R. Sterling,England,FWD
12829,2058015,J. Vardy,England,FWD
13484,2058015,D. Alli,England,MID
14771,2058015,V. Ćorluka,Croatia,DEF
14812,2058015,I. Perišić,Croatia,MID
14943,2058015,M. Mandžukić,Croatia,FWD
25393,2058015,D. Lovren,Croatia,DEF
69396,2058015,D. Vida,Croatia,DEF
69400,2058015,M. Badelj,Croatia,MID
69409,2058015,Š. Vrsaljko,Croatia,DEF
69411,2058015,A. Kramarić,Croatia,FWD
69616,2058015,A. Rebić,Croatia,FWD
69964,2058015,J. Pivarić,Croatia,DEF
69968,2058015,M. Brozović,Croatia,MID
105361,2058015,I. Strinić,Croatia,DEF
135747,2058015,D. Subašić,Croatia,GKP
210044,2058015,E. Dier,England,MID
397178,2058015,M. Rashford,England,FWD
36,2058016,T. Alderweireld,Belgium,DEF
48,2058016,J. Vertonghen,Belgium,DEF
122,2058016,D. Mertens,Belgium,FWD
261,2058016,N. Chadli,Belgium,MID
3429,2058016,T. Courtois,Belgium,GKP
7860,2058016,T. Vermaelen,Belgium,DEF
7905,2058016,R. Lukaku,Belgium,FWD
7918,2058016,P. Jones,England,DEF
7934,2058016,J. Lingard,England,MID
8292,2058016,D. Rose,England,DEF
8307,2058016,V. Kompany,Belgium,DEF
8464,2058016,F. Delph,England,MID
8653,2058016,H. Maguire,England,DEF
8717,2058016,H. Kane,England,FWD
8945,2058016,K. Trippier,England,DEF
9380,2058016,J. Stones,England,DEF
10131,2058016,J. Pickford,England,GKP
11066,2058016,R. Sterling,England,FWD
11152,2058016,M. Dembélé,Belgium,MID
13484,2058016,D. Alli,England,MID
25707,2058016,E. Hazard,Belgium,FWD
37824,2058016,T. Meunier,Belgium,DEF
38021,2058016,K. De Bruyne,Belgium,MID
70123,2058016,A. Witsel,Belgium,MID
210044,2058016,E. Dier,England,MID
235555,2058016,R. Loftus-Cheek,England,MID
263802,2058016,Y. Tielemans,Belgium,MID
397178,2058016,M. Rashford,England,FWD
3309,2058017,R. Varane,France,DEF
3476,2058017,I. Rakitić,Croatia,MID
3682,2058017,A. Griezmann,France,FWD
7936,2058017,P. Pogba,France,MID
8200,2058017,S. N'Zonzi,France,MID
8287,2058017,L. Modrić,Croatia,MID
14812,2058017,I. Perišić,Croatia,MID
14943,2058017,M. Mandžukić,Croatia,FWD
25381,2058017,H. Lloris,France,GKP
25393,2058017,D. Lovren,Croatia,DEF
25397,2058017,S. Umtiti,France,DEF
25437,2058017,B. Matuidi,France,MID
26010,2058017,O. Giroud,France,FWD
28115,2058017,N. Fekir,France,MID
31528,2058017,N. Kanté,France,MID
69396,2058017,D. Vida,Croatia,DEF
69409,2058017,Š. Vrsaljko,Croatia,DEF
69411,2058017,A. Kramarić,Croatia,FWD
69616,2058017,A. Rebić,Croatia,FWD
69968,2058017,M. Brozović,Croatia,MID
105361,2058017,I. Strinić,Croatia,DEF
135747,2058017,D. Subašić,Croatia,GKP
135810,2058017,M. Pjaca,Croatia,FWD
209091,2058017,C. Tolisso,France,MID
279545,2058017,L. Hernández,France,DEF
340646,2058017,B. Pavard,France,DEF
353833,2058017,K. Mbappé,France,FWD
