player_id,player_name,pos,foot,birth_date,born,weight,height,passport,team_id,team
32793,A. N'Diaye,MID,right,19900306,250,82,187,686,19314,Senegal
36,T. Alderweireld,DEF,right,19890302,56,91,187,56,5629,Belgium
48,J. Vertonghen,DEF,left,19870424,56,88,189,56,5629,Belgium
54,C. Eriksen,MID,right,19920214,208,76,180,208,7712,Denmark
93,J. Guðmunds­son,MID,left,19901027,352,77,186,352,7839,Iceland
122,D. Mertens,FWD,right,19870506,56,61,169,56,5629,Belgium
123,O. Toivonen,FWD,right,19860703,752,78,192,752,7047,Sweden
142,K. El Ahmadi,MID,right,19850127,528,78,179,504,16216,Morocco
151,J. Guidetti,FWD,right,19920415,752,79,185,752,7047,Sweden
32968,N. Amrabat,FWD,right,19870331,528,77,178,504,16216,Morocco
261,N. Chadli,MID,right,19890802,56,80,187,504,5629,Belgium
16443,L. Balogun,DEF,right,19880628,276,81,190,566,16823,Nigeria
383,D. Tadić,MID,left,19881120,688,76,181,688,17322,Serbia
405,L. Schöne,MID,right,19860527,208,78,177,208,7712,Denmark
360992,D. Zakaria,MID,right,19961120,756,80,191,180,6697,Switzerland
230020,A. Iwobi,MID,right,19960503,566,75,180,0,16823,Nigeria
703,M. Yoshida,DEF,right,19880824,392,78,189,392,12913,Japan
426702,H. Mendyl,DEF,left,19971021,504,73,179,384,16216,Morocco
332821,T. Ebuehi,DEF,right,19951216,528,72,187,566,16823,Nigeria
99381,A. Jędrzejczyk,DEF,right,19871104,616,78,189,616,13869,Poland
99391,M. Rybus,DEF,left,19890819,616,75,173,616,13869,Poland
99452,A. Milik,FWD,left,19940228,616,78,186,616,13869,Poland
230626,D. Ćaleta-Car,DEF,right,19960917,191,89,192,191,9598,Croatia
99661,T. Cionek,DEF,right,19860421,76,80,183,616,13869,Poland
361807,R. Bentancur,MID,right,19970625,858,73,185,858,15670,Uruguay
198120,Ali Gabr,DEF,right,19890110,818,84,193,818,16129,Egypt
99833,B. Bereszyński,DEF,right,19920712,616,77,183,616,13869,Poland
38241,Ó. Skúlason,MID,right,19830401,352,81,183,352,7839,Iceland
99902,P. Zieliński,MID,right,19940520,616,75,180,616,13869,Poland
263802,Y. Tielemans,MID,right,19970507,56,72,176,180,5629,Belgium
1722,V. Fischer,FWD,right,19940609,208,71,180,208,7712,Denmark
231138,P. Kimpembe,DEF,left,19950813,250,67,183,180,4418,France
102629,A. Semenov,DEF,right,19890324,643,86,190,643,14358,Russia
395636,Maxi Gómez,FWD,right,19960814,858,87,186,858,15670,Uruguay
115146,M. Trauco,DEF,left,19920825,604,67,175,604,15594,Peru
297957,M. Akanji,DEF,right,19950719,756,85,187,566,6697,Switzerland
265366,W. Ndidi,MID,right,19961216,566,80,187,566,16823,Nigeria
265368,A. Shehu,DEF,right,19930312,566,72,181,566,16823,Nigeria
101558,Bruno Alves,DEF,right,19811127,620,83,187,76,9905,Portugal
396475,A. Hakimi,DEF,right,19981104,724,68,179,504,16216,Morocco
3269,Jordi Alba,DEF,left,19890321,724,68,170,724,1598,Spain
101576,I. Akinfeev,GKP,right,19860408,643,82,186,643,14358,Russia
3276,A. Rami,DEF,right,19851227,250,90,190,504,4418,France
3280,É. Banega,MID,right,19880629,32,71,174,724,12274,Argentina
101592,K. Honda,MID,left,19860613,392,76,182,392,12913,Japan
101606,A. Musa,FWD,right,19921014,566,66,171,566,16823,Nigeria
3304,Nacho,DEF,right,19900118,724,76,180,724,1598,Spain
3306,Sergio Ramos,DEF,right,19860330,724,82,184,724,1598,Spain
3309,R. Varane,DEF,right,19930425,250,81,191,474,4418,France
3310,Marcelo,DEF,left,19880512,76,80,174,724,6380,Brazil
134383,N. Süle,DEF,right,19950903,276,97,195,276,3148,Germany
3318,S. Khedira,MID,right,19870404,276,85,189,788,3148,Germany
3319,M. Özil,MID,left,19881015,276,76,180,276,3148,Germany
3322,Cristiano Ronaldo,FWD,right,19850205,620,83,187,620,9905,Portugal
3323,G. Higuaín,FWD,right,19871210,250,82,184,32,12274,Argentina
3345,Thiago Alcântara,MID,right,19910411,724,70,174,76,1598,Spain
3346,Sergio Busquets,MID,right,19880716,724,76,189,724,1598,Spain
3349,J. dos Santos,MID,right,19900426,484,68,172,724,15473,Mexico
3353,Iniesta,MID,right,19840511,724,68,171,724,1598,Spain
3359,L. Messi,FWD,left,19870624,32,72,170,724,12274,Argentina
101669,A. Dzyuba,FWD,right,19880822,643,91,196,643,14358,Russia
3384,A. Guardado,MID,left,19860928,484,67,169,724,15473,Mexico
101699,A. Samedov,MID,right,19840719,643,75,177,643,14358,Russia
3397,Arrizabalaga,GKP,right,19941003,724,84,189,724,1598,Spain
3433,D. Godín,DEF,right,19860216,858,79,187,724,15670,Uruguay
3434,Filipe Luis,DEF,left,19850809,76,73,182,380,6380,Brazil
101742,C. Ansaldi,DEF,left,19860920,32,76,181,380,12274,Argentina
3443,Koke,MID,right,19920108,724,73,177,724,1598,Spain
3445,E. Salvio,MID,right,19900713,32,77,173,32,12274,Argentina
3450,R. Falcao,FWD,right,19860210,170,72,177,170,12430,Colombia
3463,F. Fazio,DEF,right,19870317,32,85,195,380,12274,Argentina
3476,I. Rakitić,MID,right,19880310,756,78,184,191,9598,Croatia
101796,M. Ureña,FWD,right,19900305,188,70,179,188,16871,Costa Rica
3509,M. Shojaei,MID,right,19840609,364,73,184,364,10840,Iran
101825,I. Smolnikov,DEF,right,19880808,643,70,178,643,14358,Russia
265673,Bernardo Silva,MID,left,19940810,620,64,173,250,9905,Portugal
3531,C. Zapata,DEF,right,19860930,170,82,187,170,12430,Colombia
101847,M. Carcela-González,MID,left,19890701,56,67,176,504,16216,Morocco
3551,W. Caballero,GKP,right,19810928,32,80,186,724,12274,Argentina
3563,Isco,MID,right,19920421,724,79,176,724,1598,Spain
3682,A. Griezmann,FWD,left,19910321,250,71,175,250,4418,France
3685,C. Vela,FWD,left,19890301,484,77,177,724,15473,Mexico
134769,Y. Carrasco,FWD,right,19930904,56,71,180,724,5629,Belgium
3714,C. Stuani,FWD,right,19861012,858,72,184,380,15670,Uruguay
265865,S. Milinković-Savić,MID,right,19950227,724,80,192,688,17322,Serbia
3795,H. Moreno,DEF,left,19880117,484,80,183,484,15473,Mexico
3802,Philippe Coutinho,FWD,right,19920612,76,68,171,76,6380,Brazil
3840,Iago Aspas,FWD,left,19870801,724,67,176,724,1598,Spain
102157,Y. Gazinskiy,MID,right,19890720,643,75,184,643,14358,Russia
69396,D. Vida,DEF,right,19890429,191,73,184,191,9598,Croatia
69400,M. Badelj,MID,right,19890225,191,76,186,191,9598,Croatia
69404,M. Kovačić,MID,right,19940506,40,77,178,191,9598,Croatia
69409,Š. Vrsaljko,DEF,right,19920110,191,76,181,191,9598,Croatia
69411,A. Kramarić,FWD,right,19910619,191,73,177,191,9598,Croatia
3915,K. Navas,GKP,right,19861215,188,78,185,724,16871,Costa Rica
397178,M. Rashford,FWD,right,19971031,0,72,187,0,2413,England
135103,A. Christensen,DEF,right,19960410,208,78,188,208,7712,Denmark
135150,A. Cornelius,FWD,left,19930316,208,79,193,208,7712,Denmark
69616,A. Rebić,FWD,right,19930921,191,78,185,191,9598,Croatia
135207,H. Magnússon,DEF,left,19930211,352,77,190,352,7839,Iceland
364772,C. Awaziem,DEF,right,19970101,566,78,189,566,16823,Nigeria
4338,Diego Costa,FWD,right,19881007,76,85,188,724,1598,Spain
4488,Saúl,MID,left,19941121,724,76,184,724,1598,Spain
4498,Lucas Vázquez,FWD,right,19910701,724,70,173,724,1598,Spain
4501,Daniel Carvajal,DEF,right,19920111,724,73,173,724,1598,Spain
4513,D. Cheryshev,MID,left,19901226,643,74,179,724,14358,Russia
70083,Danilo,DEF,right,19910715,76,78,184,76,6380,Brazil
70086,N. Otamendi,DEF,right,19880212,32,81,183,32,12274,Argentina
70093,João Moutinho,MID,right,19860908,620,61,170,620,9905,Portugal
70095,C. Rodríguez,MID,left,19850930,858,84,177,380,15670,Uruguay
70096,J. Rodríguez,MID,left,19910712,170,75,180,170,12430,Colombia
70122,N. Matić,MID,left,19880801,688,84,194,703,17322,Serbia
70123,A. Witsel,MID,right,19890112,56,81,188,474,5629,Belgium
70134,Rui Patrício,GKP,left,19880215,620,84,190,620,9905,Portugal
70136,S. Arias,DEF,right,19920113,170,72,175,170,12430,Colombia
70156,A. Carrillo,MID,right,19910614,604,78,181,604,15594,Peru
70168,E. Echiejile,DEF,left,19880120,566,76,185,566,16823,Nigeria
135747,D. Subašić,GKP,right,19841027,191,84,191,191,9598,Croatia
299618,N. Nández,MID,right,19951228,858,69,171,380,15670,Uruguay
135810,M. Pjaca,FWD,right,19950506,191,81,186,191,9598,Croatia
4814,A. Aguilar,MID,right,19850106,170,82,186,170,12430,Colombia
70381,Ricardo Pereira,DEF,right,19931006,620,70,175,132,9905,Portugal
70389,Cédric Soares,DEF,right,19910831,276,67,172,620,9905,Portugal
70403,Adrien Silva,MID,right,19890315,250,69,175,620,9905,Portugal
332605,Ramadan Sobhi,MID,right,19970123,818,72,183,818,16129,Egypt
37725,C. Kouyaté,MID,right,19891221,686,78,193,56,19314,Senegal
37732,L. Biglia,MID,right,19860130,32,74,178,380,12274,Argentina
37762,William Carvalho,MID,right,19920407,24,83,187,620,9905,Portugal
37824,T. Meunier,DEF,right,19910912,56,82,190,56,5629,Belgium
37831,C. Bacca,FWD,right,19860908,170,77,181,170,12430,Colombia
37896,E. Kawashima,GKP,right,19830320,392,74,185,392,12913,Japan
37948,A. Finnbogason,FWD,right,19890201,352,80,184,352,7839,Iceland
38021,K. De Bruyne,MID,right,19910628,56,68,181,56,5629,Belgium
5295,O. Ighalo,FWD,right,19890616,566,82,181,380,16823,Nigeria
38084,B. Bjarnason,MID,right,19880527,352,75,178,352,7839,Iceland
38093,M. Batshuayi,FWD,right,19931002,56,78,185,180,5629,Belgium
103668,I. Kutepov,DEF,right,19930729,643,85,192,643,14358,Russia
103682,R. Zobnin,MID,right,19940211,643,72,182,643,14358,Russia
70965,João Mário,MID,right,19930119,620,67,173,24,9905,Portugal
366217,K. Danso,DEF,right,19980919,40,89,190,288,9109,Austria
333571,L. Torreira,MID,right,19960211,858,64,168,724,15670,Uruguay
71654,Ederson,GKP,left,19930817,76,89,187,620,6380,Brazil
71703,V. Lindelöf,DEF,right,19940717,752,81,187,752,7047,Sweden
235555,R. Loftus-Cheek,MID,right,19960123,0,83,191,388,2413,England
72397,Simy,FWD,right,19920507,566,84,198,566,16823,Nigeria
101707,F. Smolov,FWD,right,19900209,643,80,187,643,14358,Russia
246928,W. Barrios,MID,right,19931016,170,74,178,170,12430,Colombia
105333,Willian,MID,right,19880809,76,75,175,76,6380,Brazil
105334,Douglas Costa,MID,left,19900914,76,65,170,620,6380,Brazil
105339,Fernandinho,MID,right,19850504,76,67,179,76,6380,Brazil
105361,I. Strinić,DEF,left,19870717,191,78,186,191,9598,Croatia
138174,K. Linetty,MID,right,19950202,616,73,176,616,13869,Poland
236528,N. Elvedi,DEF,right,19960930,756,78,189,756,6697,Switzerland
86340,C. Sánchez,MID,right,19841202,858,66,170,32,15670,Uruguay
50411,A. Prijović,FWD,right,19900421,756,88,191,688,17322,Serbia
237034,Gonçalo Guedes,FWD,right,19961129,620,70,179,620,9905,Portugal
40536,Cássio,GKP,right,19870606,76,92,195,76,6380,Brazil
40539,Marquinhos,DEF,right,19940514,76,75,183,620,6380,Brazil
40550,Paulinho,MID,right,19880725,76,71,182,76,6380,Brazil
7847,Ł. Fabiański,GKP,right,19850418,616,83,190,616,13869,Poland
7849,W. Szczęsny,GKP,right,19900418,616,84,196,616,13869,Poland
7850,J. Djourou,DEF,right,19870118,384,87,191,756,6697,Switzerland
7860,T. Vermaelen,DEF,left,19851114,56,80,183,56,5629,Belgium
7887,G. Cahill,DEF,right,19851219,0,86,193,0,2413,England
237268,M. Grujić,MID,right,19960413,688,82,191,688,17322,Serbia
7898,J. Obi Mikel,MID,right,19870422,566,83,188,566,16823,Nigeria
7905,R. Lukaku,FWD,left,19930513,56,94,190,180,5629,Belgium
7910,David de Gea,GKP,right,19901107,724,82,193,724,1598,Spain
7918,P. Jones,DEF,right,19920221,0,71,185,0,2413,England
7934,J. Lingard,MID,right,19921215,0,65,174,0,2413,England
7936,P. Pogba,MID,right,19930315,250,84,191,324,4418,France
7939,A. Young,DEF,right,19850709,0,65,175,388,2413,England
7941,J. Hernández,FWD,right,19880601,484,73,175,484,15473,Mexico
7945,D. Welbeck,FWD,right,19901126,0,73,185,288,2413,England
7949,Pepe Reina,GKP,right,19820831,724,92,188,724,1598,Spain
7954,S. Coates,DEF,right,19901007,858,92,196,724,15670,Uruguay
7964,J. Henderson,MID,right,19900617,0,67,182,0,2413,England
7972,L. Suárez,FWD,right,19870124,858,86,182,858,15670,Uruguay
40756,Casemiro,MID,right,19920223,76,84,185,76,6380,Brazil
8034,D. Boyata,DEF,right,19901128,56,84,188,180,5629,Belgium
40810,Neymar,FWD,right,19920205,76,68,175,76,6380,Brazil
8094,J. Butland,GKP,right,19930310,0,95,196,0,2413,England
8126,José Fonte,DEF,right,19831222,620,75,191,620,9905,Portugal
8192,M. Olsson,DEF,left,19880517,752,81,178,752,7047,Sweden
8200,S. N'Zonzi,MID,right,19881215,250,75,196,180,4418,France
55983,R. Sigurðsson,DEF,right,19860619,352,77,187,352,7839,Iceland
8249,M. Fellaini,MID,right,19871122,56,85,194,504,5629,Belgium
8277,K. Walker,DEF,right,19900528,0,83,183,0,2413,England
8287,L. Modrić,MID,right,19850909,191,66,172,191,9598,Croatia
8292,D. Rose,DEF,left,19900702,0,76,174,388,2413,England
8297,G. dos Santos,FWD,left,19890511,484,74,175,724,15473,Mexico
8306,A. Kolarov,DEF,left,19851110,688,83,187,688,17322,Serbia
8307,V. Kompany,DEF,right,19860410,56,85,193,180,5629,Belgium
8317,David Silva,MID,left,19860108,724,67,173,724,1598,Spain
8325,S. Agüero,FWD,right,19880602,32,70,173,724,12274,Argentina
285396,C. Pavón,FWD,right,19960121,32,65,167,32,12274,Argentina
8464,F. Delph,MID,left,19891121,0,60,174,328,2413,England
139548,O. Onazi,MID,right,19921225,566,73,173,566,16823,Nigeria
8480,K. Schmeichel,GKP,right,19861105,208,76,185,208,7712,Denmark
8514,S. Mignolet,GKP,right,19880306,56,87,193,56,5629,Belgium
8525,Ahmed El Mohamady,MID,right,19870909,818,78,183,818,16129,Egypt
8529,S. Larsson,MID,right,19850606,752,70,178,752,7047,Sweden
8625,V. Moses,MID,right,19901212,566,75,177,0,16823,Nigeria
8653,H. Maguire,DEF,right,19930305,0,79,188,0,2413,England
8717,H. Kane,FWD,right,19930728,0,86,188,372,2413,England
8945,K. Trippier,DEF,right,19900919,0,72,178,0,2413,England
33032,K. Grosicki,MID,right,19880608,616,78,180,616,13869,Poland
140046,M. Dmitrović,GKP,left,19920124,688,94,194,688,17322,Serbia
140085,A. Živković,MID,left,19960711,688,70,169,688,17322,Serbia
285508,K. Iheanacho,FWD,left,19960310,566,77,187,566,16823,Nigeria
12,K. Omeruo,DEF,right,19931017,566,74,185,566,16823,Nigeria
173214,T. Werner,FWD,right,19960306,276,75,180,276,3148,Germany
9380,J. Stones,DEF,right,19940528,0,75,188,0,2413,England
116269,D. Laxalt,MID,left,19930207,858,66,178,380,15670,Uruguay
50806,P. Jansson,DEF,right,19910213,752,89,196,752,7047,Sweden
10014,S. Ben Youssef,DEF,right,19890331,250,82,186,788,16276,Tunisia
10131,J. Pickford,GKP,left,19940307,0,77,185,0,2413,England
403546,Lee Seung-Woo,FWD,right,19980106,410,63,173,410,14855,Korea Republic
207164,B. N'Diaye,MID,right,19901027,686,76,180,686,19314,Senegal
240032,J. Bednarek,DEF,right,19960412,616,77,189,616,13869,Poland
240042,D. Kownacki,FWD,right,19970314,616,75,187,616,13869,Poland
139080,W. Cartagena,MID,right,19940923,604,72,179,604,15594,Peru
11066,R. Sterling,FWD,right,19941208,388,69,170,0,2413,England
11093,W. Troost-Ekong,DEF,right,19930901,528,82,191,566,16823,Nigeria
11095,M. Veljkovic,DEF,right,19950926,756,77,184,688,17322,Serbia
11152,M. Dembélé,MID,left,19870716,56,88,185,466,5629,Belgium
11155,B. Ruiz,MID,left,19850818,188,82,188,188,16871,Costa Rica
101857,Y. Zhirkov,MID,left,19830820,643,75,180,643,14358,Russia
127530,D. Tošić,DEF,left,19850119,688,85,185,688,17322,Serbia
127537,L. Milivojević,MID,right,19910407,688,80,186,688,17322,Serbia
77558,G. Sigurðsson,MID,right,19890908,352,77,186,352,7839,Iceland
208652,V. Lazaro,MID,right,19960324,40,75,178,40,9109,Austria
12242,N. Pope,GKP,right,19920419,0,76,192,0,2413,England
241647,S. Ezatolahi,MID,right,19961001,364,78,190,364,10840,Iran
372915,A. Harit,MID,right,19970618,250,67,179,504,16216,Morocco
209091,C. Tolisso,MID,right,19940803,250,78,181,764,4418,France
241945,P. Sisto,MID,right,19950204,728,64,171,208,7712,Denmark
340386,Gabriel Jesus,FWD,right,19970403,76,67,175,76,6380,Brazil
209354,F. Ben Youssef,FWD,right,19910623,788,82,192,788,16276,Tunisia
12829,J. Vardy,FWD,right,19870111,0,76,178,0,2413,England
340646,B. Pavard,DEF,right,19960328,250,76,186,250,4418,France
95010,H. Yamaguchi,MID,right,19900610,392,72,173,392,12913,Japan
275243,S. Khaoui,MID,left,19950427,250,68,182,788,16276,Tunisia
209792,B. Idowu,DEF,right,19920518,643,77,178,566,16823,Nigeria
210044,E. Dier,MID,right,19940115,0,90,188,620,2413,England
79006,S. Azmoun,FWD,right,19950101,364,79,186,364,10840,Iran
13484,D. Alli,MID,right,19960411,0,80,188,566,2413,England
79149,K. Ansarifard,FWD,right,19900403,364,75,186,364,10840,Iran
79248,E. Hajsafi,DEF,left,19900225,364,74,176,364,10840,Iran
79381,A. Jahanbakhsh,FWD,right,19930811,364,78,180,364,10840,Iran
112253,M. Fabián,MID,right,19890721,484,65,170,484,15473,Mexico
112366,M. Layún,DEF,right,19880625,484,68,179,724,15473,Mexico
112392,R. Jiménez,FWD,right,19910505,484,81,187,484,15473,Mexico
112459,H. Herrera,MID,right,19900419,484,74,180,484,15473,Mexico
243588,Bruno Fernandes,MID,right,19940908,620,69,179,620,9905,Portugal
112522,J. Corona,FWD,right,19930106,484,62,173,484,15473,Mexico
112556,J. Aquino,MID,right,19900211,484,59,168,484,15473,Mexico
101953,A. Erokhin,MID,right,19891013,643,79,195,643,14358,Russia
7891,B. Ivanović,DEF,right,19840222,688,91,185,688,17322,Serbia
388928,Amr Warda,MID,right,19930917,818,70,176,818,16129,Egypt
14712,M. Neuer,GKP,right,19860327,276,92,193,276,3148,Germany
14716,J. Boateng,DEF,right,19880903,276,90,192,276,3148,Germany
14723,T. Kroos,MID,right,19900104,276,76,183,276,3148,Germany
14730,T. Usami,FWD,right,19920506,392,77,180,392,12913,Japan
14731,M. Gómez,FWD,right,19850710,276,88,189,724,3148,Germany
14732,T. Müller,FWD,right,19890913,276,75,186,276,3148,Germany
14748,A. Rüdiger,DEF,right,19930303,276,85,191,694,3148,Germany
14749,G. Sakai,DEF,right,19910314,840,74,176,392,12913,Japan
14763,S. Okazaki,FWD,right,19860416,392,70,174,392,12913,Japan
14771,V. Ćorluka,DEF,right,19860205,70,84,192,191,9598,Croatia
14785,Renato Augusto,MID,right,19880208,76,86,186,76,6380,Brazil
14795,M. Hummels,DEF,right,19881216,276,92,191,276,3148,Germany
14798,Ł. Piszczek,DEF,right,19850603,616,79,184,616,13869,Poland
14804,J. Błaszczykowski,MID,right,19851214,616,77,176,616,13869,Poland
14808,İ. Gündoğan,MID,right,19901024,276,80,180,276,3148,Germany
14812,I. Perišić,MID,right,19890202,191,80,186,191,9598,Croatia
14816,S. Kagawa,MID,right,19890317,392,68,175,392,12913,Japan
14817,R. Lewandowski,FWD,right,19880821,616,79,185,616,13869,Poland
14836,T. Inui,MID,right,19880602,392,63,169,392,12913,Japan
14862,J. Draxler,MID,right,19930920,276,72,187,276,3148,Germany
40707,Fágner,DEF,right,19890611,76,67,168,76,6380,Brazil
14872,J. Farfán,FWD,right,19841026,604,84,178,604,15594,Peru
14911,Son Heung-Min,FWD,right,19920708,410,77,183,410,14855,Korea Republic
14922,R. Rodríguez,DEF,left,19920825,756,77,180,152,6697,Switzerland
14929,M. Hasebe,MID,right,19840118,392,72,180,392,12913,Japan
14943,M. Mandžukić,FWD,right,19860114,191,84,187,191,9598,Croatia
14991,M. Ginter,DEF,right,19940119,276,89,191,276,3148,Germany
15008,M. ter Stegen,GKP,right,19920430,276,85,187,276,3148,Germany
15024,M. Reus,FWD,right,19890531,276,71,180,276,3148,Germany
15054,M. Diouf,FWD,right,19871216,686,79,185,686,19314,Senegal
15062,K. Trapp,GKP,right,19900708,276,88,189,276,3148,Germany
139075,R. Tapia,MID,right,19950728,604,78,182,604,15594,Peru
15080,N. Jørgensen,FWD,right,19910115,208,84,190,208,7712,Denmark
15125,M. Plattenhardt,DEF,left,19920126,276,76,181,276,3148,Germany
15188,J. Baumgartlinger,MID,right,19880102,40,82,183,40,9109,Austria
15199,M. Gavranović,FWD,right,19891124,756,73,175,191,6697,Switzerland
15214,A. Rukavina,DEF,right,19840126,688,71,176,688,17322,Serbia
15272,Geromel,DEF,right,19850921,76,84,190,380,6380,Brazil
15282,S. Peszko,MID,right,19850219,616,69,173,616,13869,Poland
146459,M. Meza,MID,right,19921215,32,77,180,32,12274,Argentina
146583,J. Brandt,MID,right,19960502,276,82,183,276,3148,Germany
408827,B. Srarfi,MID,left,19970625,788,71,176,788,16276,Tunisia
57226,H. Halldórsson,GKP,right,19870427,352,89,194,352,7839,Iceland
113995,M. Silva,GKP,right,19830325,858,80,187,858,15670,Uruguay
216568,A. Gudmundsson,FWD,right,19970615,352,66,177,352,7839,Iceland
15781,Ja-Cheol Koo,MID,right,19890227,410,79,183,410,14855,Korea Republic
15795,K. Casteels,GKP,left,19920625,56,86,197,56,5629,Belgium
15806,J. Vestergaard,DEF,right,19920803,208,98,199,208,7712,Denmark
15808,Roberto Firmino,FWD,right,19911002,76,76,181,76,6380,Brazil
15811,S. Rudy,MID,right,19900228,276,74,180,276,3148,Germany
212604,T. Jedvaj,DEF,right,19951128,191,81,184,191,9598,Croatia
278289,Odriozola,DEF,right,19951214,724,66,175,724,1598,Spain
114617,C. Ramos,DEF,right,19881104,604,74,185,604,15594,Peru
114624,P. Hurtado,MID,right,19900727,604,72,176,604,15594,Peru
101583,S. Ignashevich,DEF,right,19790714,643,84,187,643,14358,Russia
281254,K. Dolberg,FWD,right,19971006,208,82,187,208,7712,Denmark
114709,L. Advíncula,DEF,right,19900302,604,80,178,604,15594,Peru
114813,C. Cueva,MID,right,19911123,604,61,169,604,15594,Peru
295156,H. Lozano,FWD,right,19950730,484,70,177,484,15473,Mexico
213364,G. De Arrascaeta,MID,right,19940601,858,70,172,380,15670,Uruguay
49855,Y. Sommer,GKP,right,19881217,756,79,183,756,6697,Switzerland
49862,Joo-Ho Park,DEF,left,19870116,410,73,176,410,14855,Korea Republic
49872,X. Shaqiri,MID,left,19911010,0,72,169,756,6697,Switzerland
49876,G. Xhaka,MID,left,19920927,756,82,185,8,6697,Switzerland
49883,Y. Mvogo,GKP,right,19940606,120,88,190,756,6697,Switzerland
49919,F. Moubandje,DEF,left,19900621,120,74,180,756,6697,Switzerland
49968,R. Bürki,GKP,right,19901114,756,85,187,756,6697,Switzerland
49977,M. Lang,DEF,right,19910208,756,79,185,756,6697,Switzerland
49991,R. Freuler,MID,right,19920415,756,77,181,756,6697,Switzerland
50023,J. Drmic,FWD,right,19920808,756,81,183,191,6697,Switzerland
50102,F. Schär,DEF,right,19911220,756,84,188,756,6697,Switzerland
41123,Mário Fernandes,DEF,right,19900919,76,80,187,643,14358,Russia
101590,A. Dzagoev,MID,right,19900617,643,75,179,643,14358,Russia
279545,L. Hernández,DEF,left,19960214,250,76,184,724,4418,France
246946,E. Skhiri,MID,right,19950510,250,69,185,788,16276,Tunisia
214220,Alisson,GKP,left,19921002,76,91,191,276,6380,Brazil
116166,G. Varela,DEF,right,19930324,858,70,174,724,15670,Uruguay
116259,G. Silva,DEF,left,19940305,858,75,185,380,15670,Uruguay
149050,M. Hassen,GKP,right,19950305,250,80,186,788,16276,Tunisia
149074,N. Dirar,MID,right,19860225,504,79,187,56,16216,Morocco
50771,K. Johnsson,GKP,right,19900128,752,84,187,752,7047,Sweden
50798,R. Olsen,GKP,right,19900108,752,89,196,208,7047,Sweden
50805,F. Helander,DEF,left,19930422,752,84,192,752,7047,Sweden
50812,J. Durmaz,MID,left,19890322,752,69,180,792,7047,Sweden
116349,M. Vecino,MID,right,19910824,858,82,187,380,15670,Uruguay
149151,K. Nordfeldt,GKP,right,19890623,752,85,190,752,7047,Sweden
51004,C. Borges,MID,right,19880827,188,76,182,76,16871,Costa Rica
51064,E. Krafth,DEF,right,19940802,752,79,181,752,7047,Sweden
116623,M. Campaña,GKP,right,19890529,858,75,185,380,15670,Uruguay
83876,Beto,GKP,right,19820501,620,74,180,620,9905,Portugal
51132,E. Forsberg,MID,right,19911023,752,78,179,752,7047,Sweden
51144,V. Claesson,MID,right,19920102,752,79,183,752,7047,Sweden
51145,O. Hiljemark,MID,right,19920628,752,73,184,752,7047,Sweden
51151,M. Rohdén,MID,right,19910511,752,76,182,752,7047,Sweden
346101,T. Alexander-Arnold,DEF,right,19981007,0,69,175,0,2413,England
51217,L. Augustinsson,DEF,left,19940421,752,75,181,752,7047,Sweden
51262,I. Kiese Thelin,FWD,right,19920624,752,83,189,180,7047,Sweden
18669,J. Hector,DEF,left,19900527,276,75,185,276,3148,Germany
215281,A. Mbengue,DEF,left,19931201,686,68,178,686,19314,Senegal
116997,G. Torres,FWD,right,19881031,591,78,179,591,17929,Panama
3305,Pepe,DEF,right,19830226,76,81,188,620,9905,Portugal
3314,Á. di María,MID,left,19880214,32,75,180,380,12274,Argentina
134387,L. Goretzka,MID,right,19950206,276,79,189,276,3148,Germany
101620,M. da Costa,DEF,right,19860506,250,82,191,504,16216,Morocco
3341,Piqué,DEF,right,19870202,724,85,194,724,1598,Spain
101647,F. Kudryashov,DEF,left,19870405,643,81,181,643,14358,Russia
3355,J. Mascherano,DEF,right,19840608,32,73,174,380,12274,Argentina
101682,V. Granat,DEF,left,19870522,643,80,184,643,14358,Russia
20394,Thiago Silva,DEF,right,19840922,76,79,183,76,6380,Brazil
20433,S. Kjær,DEF,right,19890326,208,82,189,208,7712,Denmark
20460,M. Cáceres,DEF,right,19870407,858,78,180,858,15670,Uruguay
20465,S. Lichtsteiner,DEF,right,19840116,756,75,182,756,6697,Switzerland
20517,Y. Nagatomo,DEF,right,19860912,392,68,170,392,12913,Japan
20525,J. Obi,MID,left,19910522,566,71,176,566,16823,Nigeria
3429,T. Courtois,GKP,left,19920511,56,94,199,56,5629,Belgium
20579,M. Benatia,DEF,right,19870417,250,92,190,504,16216,Morocco
3431,João Miranda,DEF,right,19840907,76,76,186,76,6380,Brazil
20591,G. Fernandes,MID,right,19860902,132,70,179,756,6697,Switzerland
86220,G. Mercado,DEF,right,19870318,32,83,180,724,12274,Argentina
86234,E. Pérez,MID,right,19860222,32,71,177,380,12274,Argentina
20751,J. Cuadrado,MID,right,19880526,170,71,179,170,12430,Colombia
20764,L. Muriel,FWD,right,19910416,170,79,178,170,12430,Colombia
20766,H. Seferović,FWD,left,19920222,756,85,185,70,6697,Switzerland
20876,A. Ekdal,MID,right,19890728,752,75,186,752,7047,Sweden
20938,V. Behrami,MID,right,19850419,0,78,185,756,6697,Switzerland
20941,A. Ljajić,FWD,right,19910929,688,74,182,688,17322,Serbia
21097,K. Glik,DEF,right,19880203,616,80,190,276,13869,Poland
21098,A. Gomis,GKP,right,19930905,686,83,194,380,19314,Senegal
21169,B. Džemaili,MID,right,19860412,807,73,179,756,6697,Switzerland
21174,E. Cavani,FWD,right,19870214,858,71,184,380,15670,Uruguay
101834,V. Gabulov,GKP,right,19831019,643,83,190,643,14358,Russia
86722,N. Tagliafico,DEF,left,19920831,32,65,169,380,12274,Argentina
101846,M. Boussoufa,MID,right,19840815,528,61,168,504,16216,Morocco
21314,E. Hallfreðsson,MID,left,19840629,352,83,185,352,7839,Iceland
21333,Y. Benalouane,DEF,right,19870328,250,79,185,788,16276,Tunisia
3560,Nacho Monreal,DEF,left,19860226,724,72,179,724,1598,Spain
119932,Mahmoud Kahraba,MID,right,19940413,818,76,182,818,16129,Egypt
119951,Ahmed Hegazy,DEF,right,19910125,818,83,193,818,16129,Egypt
54495,B. Sigurðarson,FWD,right,19910226,352,81,186,352,7839,Iceland
447821,Y. En-Nesyri,FWD,left,19970601,504,73,189,504,16216,Morocco
120225,Marwan Mohsen,FWD,right,19890226,818,80,184,818,16129,Egypt
91039,C. Vargas,GKP,right,19890309,170,80,185,170,12430,Colombia
101971,A. Lunev,GKP,right,19911113,643,80,189,643,14358,Russia
349687,Hwang Hee-Chan,FWD,right,19960126,410,70,177,410,14855,Korea Republic
120339,Mohamed Elneny,MID,right,19920711,818,70,180,818,16129,Egypt
120353,Mohamed Salah,FWD,left,19920615,818,72,175,818,16129,Egypt
448079,I. Sarr,MID,right,19980225,686,68,178,686,19314,Senegal
22107,Mário Rui,DEF,left,19910527,620,67,170,620,9905,Portugal
120631,Y. Bounou,GKP,left,19910405,124,80,192,504,16216,Morocco
120717,O. Haddadi,DEF,left,19920128,788,79,184,788,16276,Tunisia
120853,F. Sassi,MID,right,19920318,788,75,177,788,16276,Tunisia
55968,M. Braithwaite,FWD,right,19910605,208,77,177,328,7712,Denmark
55977,C. Gamboa,DEF,right,19891024,188,67,175,188,16871,Costa Rica
55979,M. Jørgensen,DEF,right,19900423,208,79,191,208,7712,Denmark
55982,B. Oviedo,DEF,left,19900218,188,65,172,188,16871,Costa Rica
55990,T. Delaney,MID,left,19910903,208,71,182,840,7712,Denmark
56025,M. Krohn-Dehli,MID,right,19830606,208,68,170,208,7712,Denmark
56026,J. Stryger Larsen,DEF,right,19910221,208,81,180,208,7712,Denmark
56038,J. Lössl,GKP,right,19890201,208,88,195,208,7712,Denmark
285491,F. Uzoho,GKP,right,19981028,566,91,196,566,16823,Nigeria
25747,S. Mané,FWD,right,19920410,686,75,175,686,19314,Senegal
285590,S. Amrabat,MID,right,19960821,528,70,182,504,16216,Morocco
220112,Trézéguet,MID,right,19941001,818,71,179,818,16129,Egypt
56274,Y. Poulsen,FWD,right,19940615,208,78,193,834,7712,Denmark
89073,M. Acuña,MID,left,19911028,32,69,172,32,12274,Argentina
89186,P. Dybala,FWD,left,19931115,32,69,177,616,12274,Argentina
56441,L. Lerager,MID,right,19930712,208,80,185,208,7712,Denmark
14908,M. Berg,FWD,right,19860817,752,85,184,752,7047,Sweden
14909,P. Guerrero,FWD,right,19840101,604,82,185,604,15594,Peru
286390,O. Dembélé,FWD,both,19970515,250,67,178,478,4418,France
122623,Fahad Al Muwallad,FWD,right,19940914,682,65,168,682,16521,Saudi Arabia
220971,D. Kuzyaev,MID,right,19930115,643,74,182,762,14358,Russia
221039,H. Ziyech,MID,left,19930319,528,65,180,504,16216,Morocco
122832,Salem Al Dawsari,MID,right,19910819,682,72,171,682,16521,Saudi Arabia
57347,S. Ingason,DEF,right,19930805,352,75,188,352,7839,Iceland
288091,Marco Asensio,MID,left,19960121,724,76,182,528,1598,Spain
57480,A. Traustason,MID,right,19930430,352,71,182,352,7839,Iceland
25381,H. Lloris,GKP,left,19861226,250,82,188,250,4418,France
25382,A. Lopes,GKP,left,19901001,250,81,184,620,9905,Portugal
25393,D. Lovren,DEF,right,19890705,191,84,188,191,9598,Croatia
25397,S. Umtiti,DEF,left,19931114,120,75,182,250,4418,France
25418,A. Aréola,GKP,right,19930227,250,94,195,608,4418,France
25437,B. Matuidi,MID,left,19870409,250,70,175,24,4418,France
90991,F. Armani,GKP,right,19860116,32,89,189,32,12274,Argentina
282772,B. Embolo,FWD,right,19970214,120,86,184,756,6697,Switzerland
91019,J. Quintero,MID,left,19930118,170,64,169,170,12430,Colombia
25552,S. Mandanda,GKP,right,19850328,180,82,185,250,4418,France
25553,Azpilicueta,DEF,right,19890828,724,75,178,724,1598,Spain
91156,M. Borja,FWD,right,19930126,170,82,183,170,12430,Colombia
25622,T. Hazard,FWD,right,19930329,56,69,174,56,5629,Belgium
25633,A. Diallo,GKP,right,19920330,250,82,191,686,19314,Senegal
25726,K. Koulibaly,DEF,right,19910620,250,89,195,686,19314,Senegal
26136,B. Mendy,DEF,left,19940717,250,85,185,686,4418,France
25770,F. Thauvin,FWD,left,19930126,250,70,179,250,4418,France
25776,W. Khazri,MID,right,19910208,250,76,182,788,16276,Tunisia
353833,K. Mbappé,FWD,right,19981220,250,73,178,120,4418,France
25888,F. Fajr,MID,right,19880801,250,72,178,504,16216,Morocco
25898,M. Niang,FWD,right,19941219,250,75,184,686,19314,Senegal
25998,Y. Belhanda,MID,right,19900225,250,74,175,504,16216,Morocco
26010,O. Giroud,FWD,left,19860930,250,88,192,250,4418,France
255387,C. Salcedo,DEF,right,19930929,484,77,188,484,15473,Mexico
26022,L. Gassama,DEF,right,19891020,250,74,181,686,19314,Senegal
26038,J. Campbell,FWD,left,19920626,188,72,178,188,16871,Costa Rica
26100,N. Sliti,MID,right,19920727,250,75,173,788,16276,Tunisia
26115,S. Sané,DEF,right,19900825,250,85,196,686,19314,Senegal
91702,J. Mojica,DEF,left,19920821,170,66,179,170,12430,Colombia
26196,D. Sidibé,DEF,right,19920729,250,71,182,686,4418,France
26226,R. Saïss,MID,left,19900326,250,76,190,504,16216,Morocco
255732,P. Lienhart,DEF,right,19960711,40,81,185,40,9109,Austria
59126,R. Wallace,MID,left,19880617,188,75,182,840,16871,Costa Rica
26518,C. Sánchez,MID,right,19860206,170,80,182,170,12430,Colombia
288708,An. Miranchuk,MID,right,19951017,643,72,183,643,14358,Russia
69968,M. Brozović,MID,right,19921116,191,68,181,191,9598,Croatia
26610,D. Sakho,FWD,right,19891224,686,79,184,250,19314,Senegal
135561,F. Grillitsch,MID,right,19950807,40,77,187,40,9109,Austria
125250,Ó. Duarte,DEF,right,19890603,558,81,186,188,16871,Costa Rica
125268,Y. Tejeda,MID,right,19920317,188,66,177,188,16871,Costa Rica
125286,G. González,DEF,right,19880208,188,77,186,188,16871,Costa Rica
255738,J. Lerma,MID,right,19941025,170,70,179,170,12430,Colombia
256480,B. Keita,FWD,right,19950308,724,80,181,686,19314,Senegal
289359,Y. Aït Bennasser,MID,right,19960707,250,74,184,504,16216,Morocco
256634,Y. Mina,DEF,right,19940923,170,75,195,170,12430,Colombia
60144,A. Abedzadeh,GKP,right,19930426,364,86,186,364,10840,Iran
70116,Maxi Pereira,DEF,right,19840608,858,73,173,858,15670,Uruguay
70129,Rodrigo,FWD,left,19910306,76,77,182,724,1598,Spain
224593,J. Kimmich,DEF,right,19950208,276,70,176,276,3148,Germany
257800,A. Golovin,MID,right,19960530,643,69,180,643,14358,Russia
356237,G. Lo Celso,MID,left,19960409,32,69,177,380,12274,Argentina
258154,Rúben Dias,DEF,right,19970514,620,76,187,620,9905,Portugal
258264,L. Jović,FWD,right,19971223,70,79,181,688,17322,Serbia
28907,Raphaël Guerreiro,DEF,left,19931222,250,71,170,620,9905,Portugal
28922,T. Lemar,MID,left,19951112,312,58,170,250,4418,France
70379,J. Urretavizcaya,MID,right,19900319,858,69,174,724,15670,Uruguay
135927,André Silva,FWD,right,19951106,620,70,182,620,9905,Portugal
94764,Y. Muto,FWD,right,19920715,392,72,179,392,12913,Japan
127560,M. Rodić,DEF,left,19910402,70,73,185,688,17322,Serbia
94828,G. Shibasaki,MID,right,19920525,392,62,175,392,12913,Japan
94831,Y. Ōsako,FWD,right,19900518,392,71,182,392,12913,Japan
127796,F. Kostić,MID,left,19921101,688,82,184,688,17322,Serbia
29625,K. Boutaïb,FWD,right,19870424,250,82,189,504,16216,Morocco
128523,U. Spajić,DEF,right,19930213,688,82,188,688,17322,Serbia
333803,M. Mohammadi,DEF,left,19930929,364,79,178,364,10840,Iran
227059,Gelson Martins,FWD,right,19950511,132,65,173,620,9905,Portugal
424241,N. Milenković,DEF,right,19971012,688,91,195,688,17322,Serbia
227894,J. Giménez,DEF,right,19950120,858,77,185,724,15670,Uruguay
424624,O. Etebo,FWD,right,19951109,566,70,176,566,16823,Nigeria
261127,A. Januzaj,MID,left,19950205,56,75,182,0,5629,Belgium
32599,Manuel Fernandes,MID,right,19860205,620,75,176,132,9905,Portugal
38064,R. Ghoochannejhad,FWD,left,19870920,364,76,180,528,10840,Iran
119987,Omar Gaber,DEF,right,19920130,818,71,174,818,16129,Egypt
64959,H. Lindner,GKP,right,19900717,40,80,187,40,9109,Austria
64995,G. Burgstaller,FWD,right,19890429,40,80,187,40,9109,Austria
65055,F. Kainz,MID,right,19921024,40,71,176,40,9109,Austria
65180,M. Gregoritsch,FWD,left,19940418,40,87,193,40,9109,Austria
32544,M. Sow,FWD,right,19860119,250,75,180,686,19314,Senegal
32597,Ricardo Quaresma,FWD,right,19830926,620,67,175,620,9905,Portugal
32641,F. Muslera,GKP,right,19860616,858,84,190,380,15670,Uruguay
262048,Al. Miranchuk,MID,left,19951017,643,74,182,643,14358,Russia
32798,G. Svensson,MID,right,19870207,752,83,184,752,7047,Sweden
295747,D. Bronn,DEF,right,19950619,250,76,185,788,16276,Tunisia
79658,M. Khanzadeh,DEF,right,19910511,364,73,180,364,10840,Iran
361511,V. Pimentel,MID,right,19910530,591,77,185,591,17929,Panama
296484,Mahmoud Hamdy,DEF,right,19950601,818,74,188,818,16129,Egypt
331763,Y. Meriah,DEF,right,19930702,788,74,188,788,16276,Tunisia
138633,Hyun-Soo Jang,DEF,right,19910928,410,77,187,410,14855,Korea Republic
100140,J. Góralski,MID,right,19920921,616,66,172,616,13869,Poland
79449,M. Pouraliganji,DEF,right,19920419,364,80,185,364,10840,Iran
264476,M. Torabi,MID,right,19940910,364,70,185,364,10840,Iran
231713,F. Bradarić,MID,right,19920111,191,77,185,191,9598,Croatia
68085,C. Kabasele,DEF,right,19910224,180,84,187,56,5629,Belgium
125575,K. Waston,DEF,right,19880101,188,97,196,188,16871,Costa Rica
265318,E. Fernandes,MID,right,19960415,756,70,190,620,6697,Switzerland
131602,A. Arroyo,FWD,right,19931213,591,80,187,591,17929,Panama
3324,Álvaro Morata,FWD,right,19921023,724,85,189,724,1598,Spain
135114,P. Højbjerg,MID,right,19950805,208,84,185,250,7712,Denmark
299121,Jae-Sung Lee,MID,left,19920810,410,70,180,410,14855,Korea Republic
69964,J. Pivarić,DEF,left,19890130,191,69,176,191,9598,Croatia
70292,J. Ogu,MID,left,19880420,566,84,192,566,16823,Nigeria
95108,M. Higashiguchi,GKP,right,19860512,392,78,184,392,12913,Japan
487023,Abdullah Al Khaibari,MID,right,19960816,682,66,175,682,16521,Saudi Arabia
114762,É. Flores,MID,left,19940514,604,70,170,604,15594,Peru
113517,B. Pérez,FWD,right,19810313,591,85,187,591,17929,Panama
86411,A. Cooper,MID,right,19871126,591,72,173,591,17929,Panama
137653,K. Nakamura,GKP,right,19950227,392,72,184,392,12913,Japan
137661,N. Ueda,DEF,right,19941024,392,77,186,392,12913,Japan
91263,R. Torres,DEF,right,19860320,591,96,187,591,17929,Panama
120269,Essam El Hadary,GKP,right,19730115,818,87,188,818,16129,Egypt
40335,Fred,MID,left,19930305,76,64,169,76,6380,Brazil
122696,Abdulmalek Al Khaibri,MID,right,19860313,682,73,177,682,16521,Saudi Arabia
40765,Lucas Moura,FWD,right,19920813,76,72,172,76,6380,Brazil
8246,R. Barkley,MID,right,19931205,0,76,189,0,2413,England
8580,A. McCarthy,GKP,right,19891203,0,79,193,0,2413,England
401861,J. Rodriguez,MID,left,19980619,591,70,178,591,17929,Panama
238031,A. Beiranvand,GKP,right,19920921,364,81,192,364,10840,Iran
125774,J. Penedo,GKP,right,19810926,591,73,183,724,17929,Panama
94987,Kim Jin-Hyeon,GKP,right,19870706,410,82,192,410,14855,Korea Republic
9097,L. Dunk,DEF,right,19911121,0,88,192,0,2413,England
107424,Young-Sun Yun,DEF,right,19881004,410,78,185,410,14855,Korea Republic
56146,R. Gíslason,FWD,right,19880225,352,80,184,352,7839,Iceland
107523,Seung-Gyu Kim,GKP,right,19900930,410,84,187,410,14855,Korea Republic
107529,Yong Lee,DEF,right,19861224,410,76,180,410,14855,Korea Republic
55957,J. Knudsen,DEF,left,19920916,208,72,185,208,7712,Denmark
107623,Yo-Han Go,MID,right,19880310,410,65,170,410,14855,Korea Republic
107651,Ban-Suk Oh,DEF,right,19880520,410,79,189,410,14855,Korea Republic
285538,M. Hosseini,DEF,right,19960620,364,76,183,364,10840,Iran
51625,Seon-Min Moon,MID,right,19920609,410,68,172,410,14855,Korea Republic
58105,J. Böðvarsson,FWD,right,19920525,352,85,190,352,7839,Iceland
272829,R. Cheshmi,DEF,right,19930724,364,83,192,364,10840,Iran
240070,H. Winks,MID,right,19960202,0,74,176,0,2413,England
120000,Mohamed El Shenawy,GKP,right,19881218,818,78,191,818,16129,Egypt
125284,J. Acosta,DEF,right,19830721,188,77,178,188,16871,Costa Rica
11270,S. Morsy,MID,right,19910910,0,76,175,818,16129,Egypt
273683,F. Escobar,DEF,right,19950109,591,75,182,591,17929,Panama
241134,I. Díaz,FWD,right,19970512,591,77,182,591,17929,Panama
77521,A. Gunnarsson,MID,right,19890422,352,70,177,352,7839,Iceland
204113,D. Bachmann,GKP,right,19940709,40,81,191,40,9109,Austria
127671,V. Stojković,GKP,right,19830728,688,94,196,688,17322,Serbia
373054,Seung-Hyeon Jung,DEF,right,19940403,410,89,188,410,14855,Korea Republic
120446,Ayman Ashraf,DEF,left,19910409,818,70,175,818,16129,Egypt
140064,P. Rajković,GKP,right,19951031,688,85,191,688,17322,Serbia
91502,A. Uribe,MID,right,19910321,170,71,182,170,12430,Colombia
62221,K. Árnason,DEF,right,19821013,752,87,190,352,7839,Iceland
209567,Se-Jong Ju,MID,right,19901030,410,68,174,410,14855,Korea Republic
373441,I. Smith,DEF,right,19980306,188,68,177,188,16871,Costa Rica
91002,O. Murillo,DEF,left,19880418,170,82,184,170,12430,Colombia
552555,A. El Kaabi,FWD,left,19930625,504,79,182,504,16216,Morocco
78991,O. Ebrahimi,MID,right,19870916,364,72,177,364,10840,Iran
79038,M. Mazaheri,GKP,right,19890518,364,84,193,364,10840,Iran
79098,R. Rezaeian,DEF,right,19900321,364,79,185,364,10840,Iran
79115,P. Montazeri,DEF,right,19830906,364,78,186,364,10840,Iran
284147,Mohammed Kanno,MID,right,19940922,682,73,192,682,16521,Saudi Arabia
79320,M. Taremi,FWD,right,19920718,364,80,187,364,10840,Iran
122671,Mohammad Al Sahlawi,FWD,right,19870110,682,75,179,682,16521,Saudi Arabia
135174,R. Rúnarsson,GKP,right,19950218,352,76,186,352,7839,Iceland
7888,N. Chalobah,MID,right,19941212,694,80,185,0,2413,England
237274,N. Radonjić,MID,right,19960215,688,76,185,688,17322,Serbia
14688,S. Prödl,DEF,right,19870621,40,97,196,40,9109,Austria
14703,M. Arnautović,FWD,right,19890419,40,83,192,688,9109,Austria
139078,P. Aquino,MID,left,19950413,604,72,175,604,15594,Peru
8032,Marcos Alonso,DEF,left,19901228,724,81,188,724,1598,Spain
114764,A. Polo,MID,right,19940929,604,72,175,604,15594,Peru
245364,L. Sané,MID,left,19960111,276,76,184,250,3148,Germany
284267,É. Gutiérrez,MID,left,19950615,484,70,176,484,15473,Mexico
114567,J. Carvallo,GKP,right,19860301,604,82,183,840,15594,Peru
114723,Y. Yotún,MID,left,19900407,604,68,173,604,15594,Peru
114798,P. Gallese,GKP,right,19900223,604,77,189,604,15594,Peru
114864,L. Tejada,FWD,right,19820328,591,80,185,591,17929,Panama
122918,Hussain Al Mogahwi,MID,right,19880324,682,76,174,682,16521,Saudi Arabia
377071,Richarlison,FWD,right,19970510,76,71,179,76,6380,Brazil
336178,J. Gallardo,MID,left,19940815,484,76,176,484,15473,Mexico
49859,A. Dragović,DEF,right,19910306,40,76,184,688,9109,Austria
49971,M. Bauer,DEF,right,19920125,756,73,181,40,9109,Austria
49997,S. Zuber,MID,right,19910817,756,79,182,756,6697,Switzerland
361498,M. Murillo,DEF,right,19960211,591,75,183,591,17929,Panama
116293,H. Cummings,DEF,right,19920301,591,84,180,591,17929,Panama
51127,A. Skúlason,DEF,left,19870514,352,64,170,352,7839,Iceland
18550,E. Can,MID,right,19940112,276,82,184,792,3148,Germany
248328,Mohammed Al Owais,GKP,left,19911010,682,79,187,682,16521,Saudi Arabia
122839,Osama Hawsawi,DEF,right,19840331,784,83,188,682,16521,Saudi Arabia
120151,Sherif Ekramy,GKP,right,19830701,818,91,191,818,16129,Egypt
131576,J. Calderón,GKP,right,19850814,591,87,187,591,17929,Panama
20593,R. Pereyra,MID,right,19910107,32,77,182,32,12274,Argentina
20606,S. Romero,GKP,right,19870222,32,87,192,380,12274,Argentina
86325,Ramiro Funes Mori,DEF,left,19910305,32,79,186,32,12274,Argentina
119975,Mohamed Abdel-Shafi,DEF,left,19850701,818,75,179,818,16129,Egypt
119981,Shikabala,MID,left,19860305,818,73,180,818,16129,Egypt
120042,Saad Samir,DEF,right,19890401,818,80,186,818,16129,Egypt
293080,H. Nagguez,DEF,right,19921028,788,89,195,788,16276,Tunisia
120156,Ahmed Fathy,DEF,right,19841110,818,73,175,818,16129,Egypt
120167,Abdallah Said,MID,right,19850713,818,71,175,818,16129,Egypt
107413,Chul Hong,DEF,left,19900917,410,67,176,410,14855,Korea Republic
293128,A. Khalil,MID,right,19941221,788,80,187,788,16276,Tunisia
448210,E. Álvarez,DEF,right,19971024,484,73,185,484,15473,Mexico
120784,F. Ben Mustapha,GKP,right,19890701,788,83,192,788,16276,Tunisia
120900,R. Bedoui,DEF,right,19900119,788,81,190,788,16276,Tunisia
107548,Shin-Wook Kim,FWD,right,19880414,410,97,197,410,14855,Korea Republic
55988,C. Bolaños,MID,right,19840517,188,70,175,188,16871,Costa Rica
350976,B. Chilwell,DEF,left,19961221,0,77,178,0,2413,England
14826,H. Eyjólfsson,DEF,right,19900806,352,86,190,352,7839,Iceland
115353,A. Santamaría,DEF,right,19920110,604,76,183,604,15594,Peru
241077,Y. Bárcenas,MID,right,19931023,591,75,175,591,17929,Panama
56394,H. Dalsgaard,DEF,right,19890727,208,79,192,208,7712,Denmark
56454,F. Rønnow,GKP,right,19920804,208,77,190,208,7712,Denmark
112679,F. Baloy,DEF,right,19810224,591,90,184,484,17929,Panama
375348,M. Wagué,DEF,right,19981004,686,70,177,686,19314,Senegal
89571,R. Ruidíaz,FWD,right,19900725,604,65,167,191,15594,Peru
14939,A. Dejagah,MID,right,19860705,364,78,181,276,10840,Iran
282550,F. Hadergjonaj,DEF,right,19940731,756,73,182,0,6697,Switzerland
122561,Abdullah Al Mayouf,GKP,right,19870123,682,92,187,682,16521,Saudi Arabia
122562,Yasser Al Mosailem,GKP,right,19840227,682,88,186,682,16521,Saudi Arabia
122568,Mansour Al Harbi,DEF,left,19871019,682,68,173,682,16521,Saudi Arabia
122577,Taisir Al Jassim,MID,right,19840725,682,69,169,682,16521,Saudi Arabia
122651,Omar Hawsawi,DEF,right,19850927,682,76,185,682,16521,Saudi Arabia
122749,Muhannad Asiri,FWD,right,19861014,682,79,185,682,16521,Saudi Arabia
125205,D. Akpeyi,GKP,right,19860308,566,80,186,566,16823,Nigeria
122847,Salman Al Faraj,MID,left,19890801,682,63,179,682,16521,Saudi Arabia
122888,Yahya Al Shehri,MID,left,19900626,682,60,164,682,16521,Saudi Arabia
122940,Yasir Al Shahrani,DEF,right,19920525,682,63,170,682,16521,Saudi Arabia
25430,M. Sakho,DEF,left,19900213,250,83,187,686,4418,France
135784,D. Livaković,GKP,right,19950109,191,79,187,191,9598,Croatia
25662,D. Ospina,GKP,right,19880831,170,76,183,170,12430,Colombia
25706,I. Gueye,MID,right,19890926,686,72,174,686,19314,Senegal
25707,E. Hazard,FWD,right,19910107,56,74,173,56,5629,Belgium
240906,F. Schram,GKP,right,19950119,352,85,195,352,7839,Iceland
25854,K. Zouma,DEF,right,19941027,250,85,190,140,4418,France
233276,S. Fridjónsson,MID,right,19960222,352,76,181,352,7839,Iceland
125260,D. Guzmán,MID,right,19900218,188,79,178,188,16871,Costa Rica
139393,Abdullah Otayf,MID,right,19920803,682,66,177,682,16521,Saudi Arabia
354041,M. Ben Amor,MID,right,19920503,788,75,184,788,16276,Tunisia
354043,G. Chaalali,MID,right,19940228,788,72,179,788,16276,Tunisia
53562,S. Ghoddos,FWD,right,19930906,752,75,176,364,10840,Iran
59083,G. Gómez,MID,right,19840529,591,76,189,591,17929,Panama
86414,A. Godoy,MID,left,19900210,591,75,182,591,17929,Panama
125452,J. Venegas,MID,right,19881127,188,77,183,188,16871,Costa Rica
125510,L. Moreira,GKP,right,19900402,188,74,179,188,16871,Costa Rica
125512,F. Calvo,DEF,left,19920708,188,77,180,188,16871,Costa Rica
27412,C. N'Doye,MID,right,19860329,686,90,192,686,19314,Senegal
131862,L. Ovalle,DEF,left,19880907,591,72,178,591,17929,Panama
28094,A. Badri,FWD,right,19900918,250,70,177,788,16276,Tunisia
167241,A. Rodríguez,GKP,right,19900805,591,84,197,591,17929,Panama
257762,D. Sánchez,DEF,right,19960612,170,79,187,170,12430,Colombia
237836,V. Amiri,MID,left,19880402,364,75,179,364,10840,Iran
257899,J. Gomez,DEF,right,19970523,0,77,188,270,2413,England
28529,Y. Sabaly,DEF,right,19930305,250,67,173,686,19314,Senegal
32706,R. Azofeifa,MID,right,19841230,188,82,183,188,16871,Costa Rica
122615,Hattan Bahbir,MID,right,19920716,682,66,170,682,16521,Saudi Arabia
225324,R. Kurzawa,MID,left,19930129,616,73,182,616,13869,Poland
258162,Renato Sanches,MID,right,19970818,620,70,176,678,9905,Portugal
256043,Hyun-Woo Cho,GKP,right,19910925,410,75,189,410,14855,Korea Republic
94650,G. Haraguchi,MID,right,19910509,392,68,177,392,12913,Japan
94695,H. Sakai,DEF,right,19900412,392,70,183,392,12913,Japan
61949,M. Lustig,DEF,right,19861213,752,77,189,752,7047,Sweden
61962,Sung-Yeung Ki,MID,right,19890124,410,75,186,410,14855,Korea Republic
94814,G. Shōji,DEF,right,19921211,392,74,182,392,12913,Japan
21275,A. Granqvist,DEF,right,19850416,752,84,192,752,7047,Sweden
94922,R. Oshima,MID,right,19930123,392,64,168,392,12913,Japan
437417,Tarek Hamed,MID,right,19881024,818,74,179,818,16129,Egypt
133897,K. N'Diaye,GKP,right,19850405,686,78,191,686,19314,Senegal
139391,Motaz Hawsawi,DEF,right,19920217,682,79,180,682,16521,Saudi Arabia
54451,B. Sævarsson,DEF,right,19841111,352,74,187,352,7839,Iceland
95200,Young-Gwon Kim,DEF,left,19900227,410,74,184,410,14855,Korea Republic
95299,Min-Woo Kim,MID,left,19900225,410,66,174,410,14855,Korea Republic
95349,W. Endo,DEF,right,19930209,392,75,178,392,12913,Japan
128214,A. Mitrović,FWD,right,19940916,688,82,189,688,17322,Serbia
95490,Woo-Young Jung,MID,right,19891214,410,78,186,410,14855,Korea Republic
94630,T. Makino,DEF,right,19870511,392,77,182,392,12913,Japan
116364,E. Davis,DEF,left,19910331,591,78,179,591,17929,Panama
30320,O. El Hajjam,DEF,right,19910219,250,73,181,504,16216,Morocco
125207,I. Ezenwa,GKP,right,19881016,566,69,185,566,16823,Nigeria
125848,A. Machado,DEF,right,19850214,591,71,182,591,17929,Panama
125273,D. Colindres,FWD,right,19850110,188,76,180,188,16871,Costa Rica
125282,P. Pemberton,GKP,right,19820424,188,75,178,188,16871,Costa Rica
292954,Mohammed Al Burayk,DEF,right,19920915,682,61,173,682,16521,Saudi Arabia
54315,K. Mbodji,DEF,right,19891122,686,85,192,686,19314,Senegal
325910,N. Loyola,DEF,left,19941026,604,73,175,604,15594,Peru
398219,Ali Al Bulayhi,DEF,left,19891121,682,83,182,682,16521,Saudi Arabia
31528,N. Kanté,MID,right,19910329,250,68,168,466,4418,France
6509,Munir,GKP,right,19890510,724,80,190,504,16216,Morocco
97582,M. Konaté,FWD,right,19930403,686,78,181,686,19314,Senegal
294695,T. Ndombèlé,MID,right,19961228,250,76,181,180,4418,France
65254,K. Wimmer,DEF,left,19921115,40,85,187,40,9109,Austria
25804,M. Sissoko,MID,right,19890816,250,91,187,250,4418,France
20441,E. Lamela,MID,left,19920304,32,80,181,32,12274,Argentina
11669,C. Wilson,FWD,right,19920227,0,66,180,372,2413,England
8992,P. Gazzaniga,GKP,right,19920102,32,78,185,32,12274,Argentina
7919,M. Keane,DEF,right,19930111,0,82,188,0,2413,England
8135,L. Shaw,DEF,left,19950712,0,75,185,0,2413,England
284476,N. Vlašić,MID,right,19971004,191,80,178,191,9598,Croatia
456053,J. Foyth,DEF,right,19980112,32,69,182,724,12274,Argentina
28965,O. Nguette,FWD,right,19940708,250,76,182,686,19314,Senegal
28115,N. Fekir,MID,left,19930718,250,72,173,12,4418,France
326946,R. Coly,DEF,left,19951208,686,70,185,686,19314,Senegal
1735,H. Hermannsson,DEF,right,19950208,352,81,189,352,7839,Iceland
134702,L. Dendoncker,MID,right,19950415,56,76,188,56,5629,Belgium
69353,L. Kalinić,GKP,right,19900403,191,96,201,191,9598,Croatia
